seek_0	R	seek_0	R	R
seek_0	A	seek_0	A	R
seek_0	L	seek_0	L	R
seek_0	,	seek_0	,	R
seek_0	1	seek_0	1	R
seek_0	X	seek_0	X	R
seek_0	0	seek_0	0	R
seek_0	;	seek_0	;	R
seek_0	3	seek_0	3	R
seek_0	2	seek_0	2	R
seek_0	#	enter_0	#	R
seek_1	R	seek_1	R	R
seek_1	A	seek_1	A	R
seek_1	L	seek_1	L	R
seek_1	,	seek_1	,	R
seek_1	1	seek_1	1	R
seek_1	X	seek_1	X	R
seek_1	0	seek_1	0	R
seek_1	;	seek_1	;	R
seek_1	3	seek_1	3	R
seek_1	2	seek_1	2	R
seek_1	#	enter_1	#	R
seek_2	R	seek_2	R	R
seek_2	A	seek_2	A	R
seek_2	L	seek_2	L	R
seek_2	,	seek_2	,	R
seek_2	1	seek_2	1	R
seek_2	X	seek_2	X	R
seek_2	0	seek_2	0	R
seek_2	;	seek_2	;	R
seek_2	3	seek_2	3	R
seek_2	2	seek_2	2	R
seek_2	#	enter_2	#	R
seek_3	R	seek_3	R	R
seek_3	A	seek_3	A	R
seek_3	L	seek_3	L	R
seek_3	,	seek_3	,	R
seek_3	1	seek_3	1	R
seek_3	X	seek_3	X	R
seek_3	0	seek_3	0	R
seek_3	;	seek_3	;	R
seek_3	3	seek_3	3	R
seek_3	2	seek_3	2	R
seek_3	#	enter_3	#	R
enter_0	0	enter_0	0	R
enter_0	1	enter_0	1	R
enter_0	2	enter_0	2	R
enter_0	3	enter_0	3	R
enter_0	a	rewindA_0_0	a	L
enter_0	b	rewindA_0_1	b	L
enter_0	c	rewindA_0_2	c	L
enter_0	d	rewindA_0_3	d	L
enter_0	_	rewindA_0_0	a	L
enter_1	0	enter_1	0	R
enter_1	1	enter_1	1	R
enter_1	2	enter_1	2	R
enter_1	3	enter_1	3	R
enter_1	a	rewindA_1_0	a	L
enter_1	b	rewindA_1_1	b	L
enter_1	c	rewindA_1_2	c	L
enter_1	d	rewindA_1_3	d	L
enter_1	_	rewindA_1_0	a	L
enter_2	0	enter_2	0	R
enter_2	1	enter_2	1	R
enter_2	2	enter_2	2	R
enter_2	3	enter_2	3	R
enter_2	a	rewindA_2_0	a	L
enter_2	b	rewindA_2_1	b	L
enter_2	c	rewindA_2_2	c	L
enter_2	d	rewindA_2_3	d	L
enter_2	_	rewindA_2_0	a	L
enter_3	0	enter_3	0	R
enter_3	1	enter_3	1	R
enter_3	2	enter_3	2	R
enter_3	3	enter_3	3	R
enter_3	a	rewindA_3_0	a	L
enter_3	b	rewindA_3_1	b	L
enter_3	c	rewindA_3_2	c	L
enter_3	d	rewindA_3_3	d	L
enter_3	_	rewindA_3_0	a	L
rewindA_0_0	c	rewindA_0_0	c	L
rewindA_0_0	a	rewindA_0_0	a	L
rewindA_0_0	R	rewindA_0_0	R	L
rewindA_0_0	A	rewindA_0_0	A	L
rewindA_0_0	L	rewindA_0_0	L	L
rewindA_0_0	,	rewindA_0_0	,	L
rewindA_0_0	d	rewindA_0_0	d	L
rewindA_0_0	1	rewindA_0_0	1	L
rewindA_0_0	X	rewindA_0_0	X	L
rewindA_0_0	0	rewindA_0_0	0	L
rewindA_0_0	#	rewindA_0_0	#	L
rewindA_0_0	;	rewindA_0_0	;	L
rewindA_0_0	b	rewindA_0_0	b	L
rewindA_0_0	3	rewindA_0_0	3	L
rewindA_0_0	2	rewindA_0_0	2	L
rewindA_0_0	^	cmpA_0_0	^	R
rewindA_0_1	c	rewindA_0_1	c	L
rewindA_0_1	a	rewindA_0_1	a	L
rewindA_0_1	R	rewindA_0_1	R	L
rewindA_0_1	A	rewindA_0_1	A	L
rewindA_0_1	L	rewindA_0_1	L	L
rewindA_0_1	,	rewindA_0_1	,	L
rewindA_0_1	d	rewindA_0_1	d	L
rewindA_0_1	1	rewindA_0_1	1	L
rewindA_0_1	X	rewindA_0_1	X	L
rewindA_0_1	0	rewindA_0_1	0	L
rewindA_0_1	#	rewindA_0_1	#	L
rewindA_0_1	;	rewindA_0_1	;	L
rewindA_0_1	b	rewindA_0_1	b	L
rewindA_0_1	3	rewindA_0_1	3	L
rewindA_0_1	2	rewindA_0_1	2	L
rewindA_0_1	^	cmpA_0_1	^	R
rewindA_0_2	c	rewindA_0_2	c	L
rewindA_0_2	a	rewindA_0_2	a	L
rewindA_0_2	R	rewindA_0_2	R	L
rewindA_0_2	A	rewindA_0_2	A	L
rewindA_0_2	L	rewindA_0_2	L	L
rewindA_0_2	,	rewindA_0_2	,	L
rewindA_0_2	d	rewindA_0_2	d	L
rewindA_0_2	1	rewindA_0_2	1	L
rewindA_0_2	X	rewindA_0_2	X	L
rewindA_0_2	0	rewindA_0_2	0	L
rewindA_0_2	#	rewindA_0_2	#	L
rewindA_0_2	;	rewindA_0_2	;	L
rewindA_0_2	b	rewindA_0_2	b	L
rewindA_0_2	3	rewindA_0_2	3	L
rewindA_0_2	2	rewindA_0_2	2	L
rewindA_0_2	^	cmpA_0_2	^	R
rewindA_0_3	c	rewindA_0_3	c	L
rewindA_0_3	a	rewindA_0_3	a	L
rewindA_0_3	R	rewindA_0_3	R	L
rewindA_0_3	A	rewindA_0_3	A	L
rewindA_0_3	L	rewindA_0_3	L	L
rewindA_0_3	,	rewindA_0_3	,	L
rewindA_0_3	d	rewindA_0_3	d	L
rewindA_0_3	1	rewindA_0_3	1	L
rewindA_0_3	X	rewindA_0_3	X	L
rewindA_0_3	0	rewindA_0_3	0	L
rewindA_0_3	#	rewindA_0_3	#	L
rewindA_0_3	;	rewindA_0_3	;	L
rewindA_0_3	b	rewindA_0_3	b	L
rewindA_0_3	3	rewindA_0_3	3	L
rewindA_0_3	2	rewindA_0_3	2	L
rewindA_0_3	^	cmpA_0_3	^	R
rewindA_1_0	c	rewindA_1_0	c	L
rewindA_1_0	a	rewindA_1_0	a	L
rewindA_1_0	R	rewindA_1_0	R	L
rewindA_1_0	A	rewindA_1_0	A	L
rewindA_1_0	L	rewindA_1_0	L	L
rewindA_1_0	,	rewindA_1_0	,	L
rewindA_1_0	d	rewindA_1_0	d	L
rewindA_1_0	1	rewindA_1_0	1	L
rewindA_1_0	X	rewindA_1_0	X	L
rewindA_1_0	0	rewindA_1_0	0	L
rewindA_1_0	#	rewindA_1_0	#	L
rewindA_1_0	;	rewindA_1_0	;	L
rewindA_1_0	b	rewindA_1_0	b	L
rewindA_1_0	3	rewindA_1_0	3	L
rewindA_1_0	2	rewindA_1_0	2	L
rewindA_1_0	^	cmpA_1_0	^	R
rewindA_1_1	c	rewindA_1_1	c	L
rewindA_1_1	a	rewindA_1_1	a	L
rewindA_1_1	R	rewindA_1_1	R	L
rewindA_1_1	A	rewindA_1_1	A	L
rewindA_1_1	L	rewindA_1_1	L	L
rewindA_1_1	,	rewindA_1_1	,	L
rewindA_1_1	d	rewindA_1_1	d	L
rewindA_1_1	1	rewindA_1_1	1	L
rewindA_1_1	X	rewindA_1_1	X	L
rewindA_1_1	0	rewindA_1_1	0	L
rewindA_1_1	#	rewindA_1_1	#	L
rewindA_1_1	;	rewindA_1_1	;	L
rewindA_1_1	b	rewindA_1_1	b	L
rewindA_1_1	3	rewindA_1_1	3	L
rewindA_1_1	2	rewindA_1_1	2	L
rewindA_1_1	^	cmpA_1_1	^	R
rewindA_1_2	c	rewindA_1_2	c	L
rewindA_1_2	a	rewindA_1_2	a	L
rewindA_1_2	R	rewindA_1_2	R	L
rewindA_1_2	A	rewindA_1_2	A	L
rewindA_1_2	L	rewindA_1_2	L	L
rewindA_1_2	,	rewindA_1_2	,	L
rewindA_1_2	d	rewindA_1_2	d	L
rewindA_1_2	1	rewindA_1_2	1	L
rewindA_1_2	X	rewindA_1_2	X	L
rewindA_1_2	0	rewindA_1_2	0	L
rewindA_1_2	#	rewindA_1_2	#	L
rewindA_1_2	;	rewindA_1_2	;	L
rewindA_1_2	b	rewindA_1_2	b	L
rewindA_1_2	3	rewindA_1_2	3	L
rewindA_1_2	2	rewindA_1_2	2	L
rewindA_1_2	^	cmpA_1_2	^	R
rewindA_1_3	c	rewindA_1_3	c	L
rewindA_1_3	a	rewindA_1_3	a	L
rewindA_1_3	R	rewindA_1_3	R	L
rewindA_1_3	A	rewindA_1_3	A	L
rewindA_1_3	L	rewindA_1_3	L	L
rewindA_1_3	,	rewindA_1_3	,	L
rewindA_1_3	d	rewindA_1_3	d	L
rewindA_1_3	1	rewindA_1_3	1	L
rewindA_1_3	X	rewindA_1_3	X	L
rewindA_1_3	0	rewindA_1_3	0	L
rewindA_1_3	#	rewindA_1_3	#	L
rewindA_1_3	;	rewindA_1_3	;	L
rewindA_1_3	b	rewindA_1_3	b	L
rewindA_1_3	3	rewindA_1_3	3	L
rewindA_1_3	2	rewindA_1_3	2	L
rewindA_1_3	^	cmpA_1_3	^	R
rewindA_2_0	c	rewindA_2_0	c	L
rewindA_2_0	a	rewindA_2_0	a	L
rewindA_2_0	R	rewindA_2_0	R	L
rewindA_2_0	A	rewindA_2_0	A	L
rewindA_2_0	L	rewindA_2_0	L	L
rewindA_2_0	,	rewindA_2_0	,	L
rewindA_2_0	d	rewindA_2_0	d	L
rewindA_2_0	1	rewindA_2_0	1	L
rewindA_2_0	X	rewindA_2_0	X	L
rewindA_2_0	0	rewindA_2_0	0	L
rewindA_2_0	#	rewindA_2_0	#	L
rewindA_2_0	;	rewindA_2_0	;	L
rewindA_2_0	b	rewindA_2_0	b	L
rewindA_2_0	3	rewindA_2_0	3	L
rewindA_2_0	2	rewindA_2_0	2	L
rewindA_2_0	^	cmpA_2_0	^	R
rewindA_2_1	c	rewindA_2_1	c	L
rewindA_2_1	a	rewindA_2_1	a	L
rewindA_2_1	R	rewindA_2_1	R	L
rewindA_2_1	A	rewindA_2_1	A	L
rewindA_2_1	L	rewindA_2_1	L	L
rewindA_2_1	,	rewindA_2_1	,	L
rewindA_2_1	d	rewindA_2_1	d	L
rewindA_2_1	1	rewindA_2_1	1	L
rewindA_2_1	X	rewindA_2_1	X	L
rewindA_2_1	0	rewindA_2_1	0	L
rewindA_2_1	#	rewindA_2_1	#	L
rewindA_2_1	;	rewindA_2_1	;	L
rewindA_2_1	b	rewindA_2_1	b	L
rewindA_2_1	3	rewindA_2_1	3	L
rewindA_2_1	2	rewindA_2_1	2	L
rewindA_2_1	^	cmpA_2_1	^	R
rewindA_2_2	c	rewindA_2_2	c	L
rewindA_2_2	a	rewindA_2_2	a	L
rewindA_2_2	R	rewindA_2_2	R	L
rewindA_2_2	A	rewindA_2_2	A	L
rewindA_2_2	L	rewindA_2_2	L	L
rewindA_2_2	,	rewindA_2_2	,	L
rewindA_2_2	d	rewindA_2_2	d	L
rewindA_2_2	1	rewindA_2_2	1	L
rewindA_2_2	X	rewindA_2_2	X	L
rewindA_2_2	0	rewindA_2_2	0	L
rewindA_2_2	#	rewindA_2_2	#	L
rewindA_2_2	;	rewindA_2_2	;	L
rewindA_2_2	b	rewindA_2_2	b	L
rewindA_2_2	3	rewindA_2_2	3	L
rewindA_2_2	2	rewindA_2_2	2	L
rewindA_2_2	^	cmpA_2_2	^	R
rewindA_2_3	c	rewindA_2_3	c	L
rewindA_2_3	a	rewindA_2_3	a	L
rewindA_2_3	R	rewindA_2_3	R	L
rewindA_2_3	A	rewindA_2_3	A	L
rewindA_2_3	L	rewindA_2_3	L	L
rewindA_2_3	,	rewindA_2_3	,	L
rewindA_2_3	d	rewindA_2_3	d	L
rewindA_2_3	1	rewindA_2_3	1	L
rewindA_2_3	X	rewindA_2_3	X	L
rewindA_2_3	0	rewindA_2_3	0	L
rewindA_2_3	#	rewindA_2_3	#	L
rewindA_2_3	;	rewindA_2_3	;	L
rewindA_2_3	b	rewindA_2_3	b	L
rewindA_2_3	3	rewindA_2_3	3	L
rewindA_2_3	2	rewindA_2_3	2	L
rewindA_2_3	^	cmpA_2_3	^	R
rewindA_3_0	c	rewindA_3_0	c	L
rewindA_3_0	a	rewindA_3_0	a	L
rewindA_3_0	R	rewindA_3_0	R	L
rewindA_3_0	A	rewindA_3_0	A	L
rewindA_3_0	L	rewindA_3_0	L	L
rewindA_3_0	,	rewindA_3_0	,	L
rewindA_3_0	d	rewindA_3_0	d	L
rewindA_3_0	1	rewindA_3_0	1	L
rewindA_3_0	X	rewindA_3_0	X	L
rewindA_3_0	0	rewindA_3_0	0	L
rewindA_3_0	#	rewindA_3_0	#	L
rewindA_3_0	;	rewindA_3_0	;	L
rewindA_3_0	b	rewindA_3_0	b	L
rewindA_3_0	3	rewindA_3_0	3	L
rewindA_3_0	2	rewindA_3_0	2	L
rewindA_3_0	^	cmpA_3_0	^	R
rewindA_3_1	c	rewindA_3_1	c	L
rewindA_3_1	a	rewindA_3_1	a	L
rewindA_3_1	R	rewindA_3_1	R	L
rewindA_3_1	A	rewindA_3_1	A	L
rewindA_3_1	L	rewindA_3_1	L	L
rewindA_3_1	,	rewindA_3_1	,	L
rewindA_3_1	d	rewindA_3_1	d	L
rewindA_3_1	1	rewindA_3_1	1	L
rewindA_3_1	X	rewindA_3_1	X	L
rewindA_3_1	0	rewindA_3_1	0	L
rewindA_3_1	#	rewindA_3_1	#	L
rewindA_3_1	;	rewindA_3_1	;	L
rewindA_3_1	b	rewindA_3_1	b	L
rewindA_3_1	3	rewindA_3_1	3	L
rewindA_3_1	2	rewindA_3_1	2	L
rewindA_3_1	^	cmpA_3_1	^	R
rewindA_3_2	c	rewindA_3_2	c	L
rewindA_3_2	a	rewindA_3_2	a	L
rewindA_3_2	R	rewindA_3_2	R	L
rewindA_3_2	A	rewindA_3_2	A	L
rewindA_3_2	L	rewindA_3_2	L	L
rewindA_3_2	,	rewindA_3_2	,	L
rewindA_3_2	d	rewindA_3_2	d	L
rewindA_3_2	1	rewindA_3_2	1	L
rewindA_3_2	X	rewindA_3_2	X	L
rewindA_3_2	0	rewindA_3_2	0	L
rewindA_3_2	#	rewindA_3_2	#	L
rewindA_3_2	;	rewindA_3_2	;	L
rewindA_3_2	b	rewindA_3_2	b	L
rewindA_3_2	3	rewindA_3_2	3	L
rewindA_3_2	2	rewindA_3_2	2	L
rewindA_3_2	^	cmpA_3_2	^	R
rewindA_3_3	c	rewindA_3_3	c	L
rewindA_3_3	a	rewindA_3_3	a	L
rewindA_3_3	R	rewindA_3_3	R	L
rewindA_3_3	A	rewindA_3_3	A	L
rewindA_3_3	L	rewindA_3_3	L	L
rewindA_3_3	,	rewindA_3_3	,	L
rewindA_3_3	d	rewindA_3_3	d	L
rewindA_3_3	1	rewindA_3_3	1	L
rewindA_3_3	X	rewindA_3_3	X	L
rewindA_3_3	0	rewindA_3_3	0	L
rewindA_3_3	#	rewindA_3_3	#	L
rewindA_3_3	;	rewindA_3_3	;	L
rewindA_3_3	b	rewindA_3_3	b	L
rewindA_3_3	3	rewindA_3_3	3	L
rewindA_3_3	2	rewindA_3_3	2	L
rewindA_3_3	^	cmpA_3_3	^	R
cmpA_0_0	0	skip1_0_0	0	R
cmpA_0_0	1	skipA_0_0_9	1	R
cmpA_0_0	2	skipA_0_0_9	2	R
cmpA_0_0	3	skipA_0_0_9	3	R
cmpA_0_0	#	REJECT	#	R
skip1_0_0	,	cmpB_0_0	,	R
cmpB_0_0	0	passComma2	0	R
cmpB_0_0	1	skipB_0_0_7	1	R
cmpB_0_0	2	skipB_0_0_7	2	R
cmpB_0_0	3	skipB_0_0_7	3	R
skipA_0_0_9	,	skipA_0_0_8	,	R
skipA_0_0_8	0	skipA_0_0_7	0	R
skipA_0_0_8	1	skipA_0_0_7	1	R
skipA_0_0_8	2	skipA_0_0_7	2	R
skipA_0_0_8	3	skipA_0_0_7	3	R
skipA_0_0_7	,	skipA_0_0_6	,	R
skipA_0_0_6	0	skipA_0_0_5	0	R
skipA_0_0_6	1	skipA_0_0_5	1	R
skipA_0_0_6	2	skipA_0_0_5	2	R
skipA_0_0_6	3	skipA_0_0_5	3	R
skipA_0_0_6	A	skipA_0_0_5	A	R
skipA_0_0_6	X	skipA_0_0_5	X	R
skipA_0_0_5	,	skipA_0_0_4	,	R
skipA_0_0_4	0	skipA_0_0_3	0	R
skipA_0_0_4	1	skipA_0_0_3	1	R
skipA_0_0_4	2	skipA_0_0_3	2	R
skipA_0_0_4	3	skipA_0_0_3	3	R
skipA_0_0_3	,	skipA_0_0_2	,	R
skipA_0_0_2	L	skipA_0_0_1	L	R
skipA_0_0_2	R	skipA_0_0_1	R	R
skipA_0_0_1	;	cmpA_0_0	;	R
skipB_0_0_7	,	skipB_0_0_6	,	R
skipB_0_0_6	0	skipB_0_0_5	0	R
skipB_0_0_6	1	skipB_0_0_5	1	R
skipB_0_0_6	2	skipB_0_0_5	2	R
skipB_0_0_6	3	skipB_0_0_5	3	R
skipB_0_0_6	A	skipB_0_0_5	A	R
skipB_0_0_6	X	skipB_0_0_5	X	R
skipB_0_0_5	,	skipB_0_0_4	,	R
skipB_0_0_4	0	skipB_0_0_3	0	R
skipB_0_0_4	1	skipB_0_0_3	1	R
skipB_0_0_4	2	skipB_0_0_3	2	R
skipB_0_0_4	3	skipB_0_0_3	3	R
skipB_0_0_3	,	skipB_0_0_2	,	R
skipB_0_0_2	L	skipB_0_0_1	L	R
skipB_0_0_2	R	skipB_0_0_1	R	R
skipB_0_0_1	;	cmpA_0_0	;	R
cmpA_0_1	0	skip1_0_1	0	R
cmpA_0_1	1	skipA_0_1_9	1	R
cmpA_0_1	2	skipA_0_1_9	2	R
cmpA_0_1	3	skipA_0_1_9	3	R
cmpA_0_1	#	REJECT	#	R
skip1_0_1	,	cmpB_0_1	,	R
cmpB_0_1	0	skipB_0_1_7	0	R
cmpB_0_1	1	passComma2	1	R
cmpB_0_1	2	skipB_0_1_7	2	R
cmpB_0_1	3	skipB_0_1_7	3	R
skipA_0_1_9	,	skipA_0_1_8	,	R
skipA_0_1_8	0	skipA_0_1_7	0	R
skipA_0_1_8	1	skipA_0_1_7	1	R
skipA_0_1_8	2	skipA_0_1_7	2	R
skipA_0_1_8	3	skipA_0_1_7	3	R
skipA_0_1_7	,	skipA_0_1_6	,	R
skipA_0_1_6	0	skipA_0_1_5	0	R
skipA_0_1_6	1	skipA_0_1_5	1	R
skipA_0_1_6	2	skipA_0_1_5	2	R
skipA_0_1_6	3	skipA_0_1_5	3	R
skipA_0_1_6	A	skipA_0_1_5	A	R
skipA_0_1_6	X	skipA_0_1_5	X	R
skipA_0_1_5	,	skipA_0_1_4	,	R
skipA_0_1_4	0	skipA_0_1_3	0	R
skipA_0_1_4	1	skipA_0_1_3	1	R
skipA_0_1_4	2	skipA_0_1_3	2	R
skipA_0_1_4	3	skipA_0_1_3	3	R
skipA_0_1_3	,	skipA_0_1_2	,	R
skipA_0_1_2	L	skipA_0_1_1	L	R
skipA_0_1_2	R	skipA_0_1_1	R	R
skipA_0_1_1	;	cmpA_0_1	;	R
skipB_0_1_7	,	skipB_0_1_6	,	R
skipB_0_1_6	0	skipB_0_1_5	0	R
skipB_0_1_6	1	skipB_0_1_5	1	R
skipB_0_1_6	2	skipB_0_1_5	2	R
skipB_0_1_6	3	skipB_0_1_5	3	R
skipB_0_1_6	A	skipB_0_1_5	A	R
skipB_0_1_6	X	skipB_0_1_5	X	R
skipB_0_1_5	,	skipB_0_1_4	,	R
skipB_0_1_4	0	skipB_0_1_3	0	R
skipB_0_1_4	1	skipB_0_1_3	1	R
skipB_0_1_4	2	skipB_0_1_3	2	R
skipB_0_1_4	3	skipB_0_1_3	3	R
skipB_0_1_3	,	skipB_0_1_2	,	R
skipB_0_1_2	L	skipB_0_1_1	L	R
skipB_0_1_2	R	skipB_0_1_1	R	R
skipB_0_1_1	;	cmpA_0_1	;	R
cmpA_0_2	0	skip1_0_2	0	R
cmpA_0_2	1	skipA_0_2_9	1	R
cmpA_0_2	2	skipA_0_2_9	2	R
cmpA_0_2	3	skipA_0_2_9	3	R
cmpA_0_2	#	REJECT	#	R
skip1_0_2	,	cmpB_0_2	,	R
cmpB_0_2	0	skipB_0_2_7	0	R
cmpB_0_2	1	skipB_0_2_7	1	R
cmpB_0_2	2	passComma2	2	R
cmpB_0_2	3	skipB_0_2_7	3	R
skipA_0_2_9	,	skipA_0_2_8	,	R
skipA_0_2_8	0	skipA_0_2_7	0	R
skipA_0_2_8	1	skipA_0_2_7	1	R
skipA_0_2_8	2	skipA_0_2_7	2	R
skipA_0_2_8	3	skipA_0_2_7	3	R
skipA_0_2_7	,	skipA_0_2_6	,	R
skipA_0_2_6	0	skipA_0_2_5	0	R
skipA_0_2_6	1	skipA_0_2_5	1	R
skipA_0_2_6	2	skipA_0_2_5	2	R
skipA_0_2_6	3	skipA_0_2_5	3	R
skipA_0_2_6	A	skipA_0_2_5	A	R
skipA_0_2_6	X	skipA_0_2_5	X	R
skipA_0_2_5	,	skipA_0_2_4	,	R
skipA_0_2_4	0	skipA_0_2_3	0	R
skipA_0_2_4	1	skipA_0_2_3	1	R
skipA_0_2_4	2	skipA_0_2_3	2	R
skipA_0_2_4	3	skipA_0_2_3	3	R
skipA_0_2_3	,	skipA_0_2_2	,	R
skipA_0_2_2	L	skipA_0_2_1	L	R
skipA_0_2_2	R	skipA_0_2_1	R	R
skipA_0_2_1	;	cmpA_0_2	;	R
skipB_0_2_7	,	skipB_0_2_6	,	R
skipB_0_2_6	0	skipB_0_2_5	0	R
skipB_0_2_6	1	skipB_0_2_5	1	R
skipB_0_2_6	2	skipB_0_2_5	2	R
skipB_0_2_6	3	skipB_0_2_5	3	R
skipB_0_2_6	A	skipB_0_2_5	A	R
skipB_0_2_6	X	skipB_0_2_5	X	R
skipB_0_2_5	,	skipB_0_2_4	,	R
skipB_0_2_4	0	skipB_0_2_3	0	R
skipB_0_2_4	1	skipB_0_2_3	1	R
skipB_0_2_4	2	skipB_0_2_3	2	R
skipB_0_2_4	3	skipB_0_2_3	3	R
skipB_0_2_3	,	skipB_0_2_2	,	R
skipB_0_2_2	L	skipB_0_2_1	L	R
skipB_0_2_2	R	skipB_0_2_1	R	R
skipB_0_2_1	;	cmpA_0_2	;	R
cmpA_0_3	0	skip1_0_3	0	R
cmpA_0_3	1	skipA_0_3_9	1	R
cmpA_0_3	2	skipA_0_3_9	2	R
cmpA_0_3	3	skipA_0_3_9	3	R
cmpA_0_3	#	REJECT	#	R
skip1_0_3	,	cmpB_0_3	,	R
cmpB_0_3	0	skipB_0_3_7	0	R
cmpB_0_3	1	skipB_0_3_7	1	R
cmpB_0_3	2	skipB_0_3_7	2	R
cmpB_0_3	3	passComma2	3	R
skipA_0_3_9	,	skipA_0_3_8	,	R
skipA_0_3_8	0	skipA_0_3_7	0	R
skipA_0_3_8	1	skipA_0_3_7	1	R
skipA_0_3_8	2	skipA_0_3_7	2	R
skipA_0_3_8	3	skipA_0_3_7	3	R
skipA_0_3_7	,	skipA_0_3_6	,	R
skipA_0_3_6	0	skipA_0_3_5	0	R
skipA_0_3_6	1	skipA_0_3_5	1	R
skipA_0_3_6	2	skipA_0_3_5	2	R
skipA_0_3_6	3	skipA_0_3_5	3	R
skipA_0_3_6	A	skipA_0_3_5	A	R
skipA_0_3_6	X	skipA_0_3_5	X	R
skipA_0_3_5	,	skipA_0_3_4	,	R
skipA_0_3_4	0	skipA_0_3_3	0	R
skipA_0_3_4	1	skipA_0_3_3	1	R
skipA_0_3_4	2	skipA_0_3_3	2	R
skipA_0_3_4	3	skipA_0_3_3	3	R
skipA_0_3_3	,	skipA_0_3_2	,	R
skipA_0_3_2	L	skipA_0_3_1	L	R
skipA_0_3_2	R	skipA_0_3_1	R	R
skipA_0_3_1	;	cmpA_0_3	;	R
skipB_0_3_7	,	skipB_0_3_6	,	R
skipB_0_3_6	0	skipB_0_3_5	0	R
skipB_0_3_6	1	skipB_0_3_5	1	R
skipB_0_3_6	2	skipB_0_3_5	2	R
skipB_0_3_6	3	skipB_0_3_5	3	R
skipB_0_3_6	A	skipB_0_3_5	A	R
skipB_0_3_6	X	skipB_0_3_5	X	R
skipB_0_3_5	,	skipB_0_3_4	,	R
skipB_0_3_4	0	skipB_0_3_3	0	R
skipB_0_3_4	1	skipB_0_3_3	1	R
skipB_0_3_4	2	skipB_0_3_3	2	R
skipB_0_3_4	3	skipB_0_3_3	3	R
skipB_0_3_3	,	skipB_0_3_2	,	R
skipB_0_3_2	L	skipB_0_3_1	L	R
skipB_0_3_2	R	skipB_0_3_1	R	R
skipB_0_3_1	;	cmpA_0_3	;	R
cmpA_1_0	0	skipA_1_0_9	0	R
cmpA_1_0	1	skip1_1_0	1	R
cmpA_1_0	2	skipA_1_0_9	2	R
cmpA_1_0	3	skipA_1_0_9	3	R
cmpA_1_0	#	REJECT	#	R
skip1_1_0	,	cmpB_1_0	,	R
cmpB_1_0	0	passComma2	0	R
cmpB_1_0	1	skipB_1_0_7	1	R
cmpB_1_0	2	skipB_1_0_7	2	R
cmpB_1_0	3	skipB_1_0_7	3	R
skipA_1_0_9	,	skipA_1_0_8	,	R
skipA_1_0_8	0	skipA_1_0_7	0	R
skipA_1_0_8	1	skipA_1_0_7	1	R
skipA_1_0_8	2	skipA_1_0_7	2	R
skipA_1_0_8	3	skipA_1_0_7	3	R
skipA_1_0_7	,	skipA_1_0_6	,	R
skipA_1_0_6	0	skipA_1_0_5	0	R
skipA_1_0_6	1	skipA_1_0_5	1	R
skipA_1_0_6	2	skipA_1_0_5	2	R
skipA_1_0_6	3	skipA_1_0_5	3	R
skipA_1_0_6	A	skipA_1_0_5	A	R
skipA_1_0_6	X	skipA_1_0_5	X	R
skipA_1_0_5	,	skipA_1_0_4	,	R
skipA_1_0_4	0	skipA_1_0_3	0	R
skipA_1_0_4	1	skipA_1_0_3	1	R
skipA_1_0_4	2	skipA_1_0_3	2	R
skipA_1_0_4	3	skipA_1_0_3	3	R
skipA_1_0_3	,	skipA_1_0_2	,	R
skipA_1_0_2	L	skipA_1_0_1	L	R
skipA_1_0_2	R	skipA_1_0_1	R	R
skipA_1_0_1	;	cmpA_1_0	;	R
skipB_1_0_7	,	skipB_1_0_6	,	R
skipB_1_0_6	0	skipB_1_0_5	0	R
skipB_1_0_6	1	skipB_1_0_5	1	R
skipB_1_0_6	2	skipB_1_0_5	2	R
skipB_1_0_6	3	skipB_1_0_5	3	R
skipB_1_0_6	A	skipB_1_0_5	A	R
skipB_1_0_6	X	skipB_1_0_5	X	R
skipB_1_0_5	,	skipB_1_0_4	,	R
skipB_1_0_4	0	skipB_1_0_3	0	R
skipB_1_0_4	1	skipB_1_0_3	1	R
skipB_1_0_4	2	skipB_1_0_3	2	R
skipB_1_0_4	3	skipB_1_0_3	3	R
skipB_1_0_3	,	skipB_1_0_2	,	R
skipB_1_0_2	L	skipB_1_0_1	L	R
skipB_1_0_2	R	skipB_1_0_1	R	R
skipB_1_0_1	;	cmpA_1_0	;	R
cmpA_1_1	0	skipA_1_1_9	0	R
cmpA_1_1	1	skip1_1_1	1	R
cmpA_1_1	2	skipA_1_1_9	2	R
cmpA_1_1	3	skipA_1_1_9	3	R
cmpA_1_1	#	REJECT	#	R
skip1_1_1	,	cmpB_1_1	,	R
cmpB_1_1	0	skipB_1_1_7	0	R
cmpB_1_1	1	passComma2	1	R
cmpB_1_1	2	skipB_1_1_7	2	R
cmpB_1_1	3	skipB_1_1_7	3	R
skipA_1_1_9	,	skipA_1_1_8	,	R
skipA_1_1_8	0	skipA_1_1_7	0	R
skipA_1_1_8	1	skipA_1_1_7	1	R
skipA_1_1_8	2	skipA_1_1_7	2	R
skipA_1_1_8	3	skipA_1_1_7	3	R
skipA_1_1_7	,	skipA_1_1_6	,	R
skipA_1_1_6	0	skipA_1_1_5	0	R
skipA_1_1_6	1	skipA_1_1_5	1	R
skipA_1_1_6	2	skipA_1_1_5	2	R
skipA_1_1_6	3	skipA_1_1_5	3	R
skipA_1_1_6	A	skipA_1_1_5	A	R
skipA_1_1_6	X	skipA_1_1_5	X	R
skipA_1_1_5	,	skipA_1_1_4	,	R
skipA_1_1_4	0	skipA_1_1_3	0	R
skipA_1_1_4	1	skipA_1_1_3	1	R
skipA_1_1_4	2	skipA_1_1_3	2	R
skipA_1_1_4	3	skipA_1_1_3	3	R
skipA_1_1_3	,	skipA_1_1_2	,	R
skipA_1_1_2	L	skipA_1_1_1	L	R
skipA_1_1_2	R	skipA_1_1_1	R	R
skipA_1_1_1	;	cmpA_1_1	;	R
skipB_1_1_7	,	skipB_1_1_6	,	R
skipB_1_1_6	0	skipB_1_1_5	0	R
skipB_1_1_6	1	skipB_1_1_5	1	R
skipB_1_1_6	2	skipB_1_1_5	2	R
skipB_1_1_6	3	skipB_1_1_5	3	R
skipB_1_1_6	A	skipB_1_1_5	A	R
skipB_1_1_6	X	skipB_1_1_5	X	R
skipB_1_1_5	,	skipB_1_1_4	,	R
skipB_1_1_4	0	skipB_1_1_3	0	R
skipB_1_1_4	1	skipB_1_1_3	1	R
skipB_1_1_4	2	skipB_1_1_3	2	R
skipB_1_1_4	3	skipB_1_1_3	3	R
skipB_1_1_3	,	skipB_1_1_2	,	R
skipB_1_1_2	L	skipB_1_1_1	L	R
skipB_1_1_2	R	skipB_1_1_1	R	R
skipB_1_1_1	;	cmpA_1_1	;	R
cmpA_1_2	0	skipA_1_2_9	0	R
cmpA_1_2	1	skip1_1_2	1	R
cmpA_1_2	2	skipA_1_2_9	2	R
cmpA_1_2	3	skipA_1_2_9	3	R
cmpA_1_2	#	REJECT	#	R
skip1_1_2	,	cmpB_1_2	,	R
cmpB_1_2	0	skipB_1_2_7	0	R
cmpB_1_2	1	skipB_1_2_7	1	R
cmpB_1_2	2	passComma2	2	R
cmpB_1_2	3	skipB_1_2_7	3	R
skipA_1_2_9	,	skipA_1_2_8	,	R
skipA_1_2_8	0	skipA_1_2_7	0	R
skipA_1_2_8	1	skipA_1_2_7	1	R
skipA_1_2_8	2	skipA_1_2_7	2	R
skipA_1_2_8	3	skipA_1_2_7	3	R
skipA_1_2_7	,	skipA_1_2_6	,	R
skipA_1_2_6	0	skipA_1_2_5	0	R
skipA_1_2_6	1	skipA_1_2_5	1	R
skipA_1_2_6	2	skipA_1_2_5	2	R
skipA_1_2_6	3	skipA_1_2_5	3	R
skipA_1_2_6	A	skipA_1_2_5	A	R
skipA_1_2_6	X	skipA_1_2_5	X	R
skipA_1_2_5	,	skipA_1_2_4	,	R
skipA_1_2_4	0	skipA_1_2_3	0	R
skipA_1_2_4	1	skipA_1_2_3	1	R
skipA_1_2_4	2	skipA_1_2_3	2	R
skipA_1_2_4	3	skipA_1_2_3	3	R
skipA_1_2_3	,	skipA_1_2_2	,	R
skipA_1_2_2	L	skipA_1_2_1	L	R
skipA_1_2_2	R	skipA_1_2_1	R	R
skipA_1_2_1	;	cmpA_1_2	;	R
skipB_1_2_7	,	skipB_1_2_6	,	R
skipB_1_2_6	0	skipB_1_2_5	0	R
skipB_1_2_6	1	skipB_1_2_5	1	R
skipB_1_2_6	2	skipB_1_2_5	2	R
skipB_1_2_6	3	skipB_1_2_5	3	R
skipB_1_2_6	A	skipB_1_2_5	A	R
skipB_1_2_6	X	skipB_1_2_5	X	R
skipB_1_2_5	,	skipB_1_2_4	,	R
skipB_1_2_4	0	skipB_1_2_3	0	R
skipB_1_2_4	1	skipB_1_2_3	1	R
skipB_1_2_4	2	skipB_1_2_3	2	R
skipB_1_2_4	3	skipB_1_2_3	3	R
skipB_1_2_3	,	skipB_1_2_2	,	R
skipB_1_2_2	L	skipB_1_2_1	L	R
skipB_1_2_2	R	skipB_1_2_1	R	R
skipB_1_2_1	;	cmpA_1_2	;	R
cmpA_1_3	0	skipA_1_3_9	0	R
cmpA_1_3	1	skip1_1_3	1	R
cmpA_1_3	2	skipA_1_3_9	2	R
cmpA_1_3	3	skipA_1_3_9	3	R
cmpA_1_3	#	REJECT	#	R
skip1_1_3	,	cmpB_1_3	,	R
cmpB_1_3	0	skipB_1_3_7	0	R
cmpB_1_3	1	skipB_1_3_7	1	R
cmpB_1_3	2	skipB_1_3_7	2	R
cmpB_1_3	3	passComma2	3	R
skipA_1_3_9	,	skipA_1_3_8	,	R
skipA_1_3_8	0	skipA_1_3_7	0	R
skipA_1_3_8	1	skipA_1_3_7	1	R
skipA_1_3_8	2	skipA_1_3_7	2	R
skipA_1_3_8	3	skipA_1_3_7	3	R
skipA_1_3_7	,	skipA_1_3_6	,	R
skipA_1_3_6	0	skipA_1_3_5	0	R
skipA_1_3_6	1	skipA_1_3_5	1	R
skipA_1_3_6	2	skipA_1_3_5	2	R
skipA_1_3_6	3	skipA_1_3_5	3	R
skipA_1_3_6	A	skipA_1_3_5	A	R
skipA_1_3_6	X	skipA_1_3_5	X	R
skipA_1_3_5	,	skipA_1_3_4	,	R
skipA_1_3_4	0	skipA_1_3_3	0	R
skipA_1_3_4	1	skipA_1_3_3	1	R
skipA_1_3_4	2	skipA_1_3_3	2	R
skipA_1_3_4	3	skipA_1_3_3	3	R
skipA_1_3_3	,	skipA_1_3_2	,	R
skipA_1_3_2	L	skipA_1_3_1	L	R
skipA_1_3_2	R	skipA_1_3_1	R	R
skipA_1_3_1	;	cmpA_1_3	;	R
skipB_1_3_7	,	skipB_1_3_6	,	R
skipB_1_3_6	0	skipB_1_3_5	0	R
skipB_1_3_6	1	skipB_1_3_5	1	R
skipB_1_3_6	2	skipB_1_3_5	2	R
skipB_1_3_6	3	skipB_1_3_5	3	R
skipB_1_3_6	A	skipB_1_3_5	A	R
skipB_1_3_6	X	skipB_1_3_5	X	R
skipB_1_3_5	,	skipB_1_3_4	,	R
skipB_1_3_4	0	skipB_1_3_3	0	R
skipB_1_3_4	1	skipB_1_3_3	1	R
skipB_1_3_4	2	skipB_1_3_3	2	R
skipB_1_3_4	3	skipB_1_3_3	3	R
skipB_1_3_3	,	skipB_1_3_2	,	R
skipB_1_3_2	L	skipB_1_3_1	L	R
skipB_1_3_2	R	skipB_1_3_1	R	R
skipB_1_3_1	;	cmpA_1_3	;	R
cmpA_2_0	0	skipA_2_0_9	0	R
cmpA_2_0	1	skipA_2_0_9	1	R
cmpA_2_0	2	skip1_2_0	2	R
cmpA_2_0	3	skipA_2_0_9	3	R
cmpA_2_0	#	REJECT	#	R
skip1_2_0	,	cmpB_2_0	,	R
cmpB_2_0	0	passComma2	0	R
cmpB_2_0	1	skipB_2_0_7	1	R
cmpB_2_0	2	skipB_2_0_7	2	R
cmpB_2_0	3	skipB_2_0_7	3	R
skipA_2_0_9	,	skipA_2_0_8	,	R
skipA_2_0_8	0	skipA_2_0_7	0	R
skipA_2_0_8	1	skipA_2_0_7	1	R
skipA_2_0_8	2	skipA_2_0_7	2	R
skipA_2_0_8	3	skipA_2_0_7	3	R
skipA_2_0_7	,	skipA_2_0_6	,	R
skipA_2_0_6	0	skipA_2_0_5	0	R
skipA_2_0_6	1	skipA_2_0_5	1	R
skipA_2_0_6	2	skipA_2_0_5	2	R
skipA_2_0_6	3	skipA_2_0_5	3	R
skipA_2_0_6	A	skipA_2_0_5	A	R
skipA_2_0_6	X	skipA_2_0_5	X	R
skipA_2_0_5	,	skipA_2_0_4	,	R
skipA_2_0_4	0	skipA_2_0_3	0	R
skipA_2_0_4	1	skipA_2_0_3	1	R
skipA_2_0_4	2	skipA_2_0_3	2	R
skipA_2_0_4	3	skipA_2_0_3	3	R
skipA_2_0_3	,	skipA_2_0_2	,	R
skipA_2_0_2	L	skipA_2_0_1	L	R
skipA_2_0_2	R	skipA_2_0_1	R	R
skipA_2_0_1	;	cmpA_2_0	;	R
skipB_2_0_7	,	skipB_2_0_6	,	R
skipB_2_0_6	0	skipB_2_0_5	0	R
skipB_2_0_6	1	skipB_2_0_5	1	R
skipB_2_0_6	2	skipB_2_0_5	2	R
skipB_2_0_6	3	skipB_2_0_5	3	R
skipB_2_0_6	A	skipB_2_0_5	A	R
skipB_2_0_6	X	skipB_2_0_5	X	R
skipB_2_0_5	,	skipB_2_0_4	,	R
skipB_2_0_4	0	skipB_2_0_3	0	R
skipB_2_0_4	1	skipB_2_0_3	1	R
skipB_2_0_4	2	skipB_2_0_3	2	R
skipB_2_0_4	3	skipB_2_0_3	3	R
skipB_2_0_3	,	skipB_2_0_2	,	R
skipB_2_0_2	L	skipB_2_0_1	L	R
skipB_2_0_2	R	skipB_2_0_1	R	R
skipB_2_0_1	;	cmpA_2_0	;	R
cmpA_2_1	0	skipA_2_1_9	0	R
cmpA_2_1	1	skipA_2_1_9	1	R
cmpA_2_1	2	skip1_2_1	2	R
cmpA_2_1	3	skipA_2_1_9	3	R
cmpA_2_1	#	REJECT	#	R
skip1_2_1	,	cmpB_2_1	,	R
cmpB_2_1	0	skipB_2_1_7	0	R
cmpB_2_1	1	passComma2	1	R
cmpB_2_1	2	skipB_2_1_7	2	R
cmpB_2_1	3	skipB_2_1_7	3	R
skipA_2_1_9	,	skipA_2_1_8	,	R
skipA_2_1_8	0	skipA_2_1_7	0	R
skipA_2_1_8	1	skipA_2_1_7	1	R
skipA_2_1_8	2	skipA_2_1_7	2	R
skipA_2_1_8	3	skipA_2_1_7	3	R
skipA_2_1_7	,	skipA_2_1_6	,	R
skipA_2_1_6	0	skipA_2_1_5	0	R
skipA_2_1_6	1	skipA_2_1_5	1	R
skipA_2_1_6	2	skipA_2_1_5	2	R
skipA_2_1_6	3	skipA_2_1_5	3	R
skipA_2_1_6	A	skipA_2_1_5	A	R
skipA_2_1_6	X	skipA_2_1_5	X	R
skipA_2_1_5	,	skipA_2_1_4	,	R
skipA_2_1_4	0	skipA_2_1_3	0	R
skipA_2_1_4	1	skipA_2_1_3	1	R
skipA_2_1_4	2	skipA_2_1_3	2	R
skipA_2_1_4	3	skipA_2_1_3	3	R
skipA_2_1_3	,	skipA_2_1_2	,	R
skipA_2_1_2	L	skipA_2_1_1	L	R
skipA_2_1_2	R	skipA_2_1_1	R	R
skipA_2_1_1	;	cmpA_2_1	;	R
skipB_2_1_7	,	skipB_2_1_6	,	R
skipB_2_1_6	0	skipB_2_1_5	0	R
skipB_2_1_6	1	skipB_2_1_5	1	R
skipB_2_1_6	2	skipB_2_1_5	2	R
skipB_2_1_6	3	skipB_2_1_5	3	R
skipB_2_1_6	A	skipB_2_1_5	A	R
skipB_2_1_6	X	skipB_2_1_5	X	R
skipB_2_1_5	,	skipB_2_1_4	,	R
skipB_2_1_4	0	skipB_2_1_3	0	R
skipB_2_1_4	1	skipB_2_1_3	1	R
skipB_2_1_4	2	skipB_2_1_3	2	R
skipB_2_1_4	3	skipB_2_1_3	3	R
skipB_2_1_3	,	skipB_2_1_2	,	R
skipB_2_1_2	L	skipB_2_1_1	L	R
skipB_2_1_2	R	skipB_2_1_1	R	R
skipB_2_1_1	;	cmpA_2_1	;	R
cmpA_2_2	0	skipA_2_2_9	0	R
cmpA_2_2	1	skipA_2_2_9	1	R
cmpA_2_2	2	skip1_2_2	2	R
cmpA_2_2	3	skipA_2_2_9	3	R
cmpA_2_2	#	REJECT	#	R
skip1_2_2	,	cmpB_2_2	,	R
cmpB_2_2	0	skipB_2_2_7	0	R
cmpB_2_2	1	skipB_2_2_7	1	R
cmpB_2_2	2	passComma2	2	R
cmpB_2_2	3	skipB_2_2_7	3	R
skipA_2_2_9	,	skipA_2_2_8	,	R
skipA_2_2_8	0	skipA_2_2_7	0	R
skipA_2_2_8	1	skipA_2_2_7	1	R
skipA_2_2_8	2	skipA_2_2_7	2	R
skipA_2_2_8	3	skipA_2_2_7	3	R
skipA_2_2_7	,	skipA_2_2_6	,	R
skipA_2_2_6	0	skipA_2_2_5	0	R
skipA_2_2_6	1	skipA_2_2_5	1	R
skipA_2_2_6	2	skipA_2_2_5	2	R
skipA_2_2_6	3	skipA_2_2_5	3	R
skipA_2_2_6	A	skipA_2_2_5	A	R
skipA_2_2_6	X	skipA_2_2_5	X	R
skipA_2_2_5	,	skipA_2_2_4	,	R
skipA_2_2_4	0	skipA_2_2_3	0	R
skipA_2_2_4	1	skipA_2_2_3	1	R
skipA_2_2_4	2	skipA_2_2_3	2	R
skipA_2_2_4	3	skipA_2_2_3	3	R
skipA_2_2_3	,	skipA_2_2_2	,	R
skipA_2_2_2	L	skipA_2_2_1	L	R
skipA_2_2_2	R	skipA_2_2_1	R	R
skipA_2_2_1	;	cmpA_2_2	;	R
skipB_2_2_7	,	skipB_2_2_6	,	R
skipB_2_2_6	0	skipB_2_2_5	0	R
skipB_2_2_6	1	skipB_2_2_5	1	R
skipB_2_2_6	2	skipB_2_2_5	2	R
skipB_2_2_6	3	skipB_2_2_5	3	R
skipB_2_2_6	A	skipB_2_2_5	A	R
skipB_2_2_6	X	skipB_2_2_5	X	R
skipB_2_2_5	,	skipB_2_2_4	,	R
skipB_2_2_4	0	skipB_2_2_3	0	R
skipB_2_2_4	1	skipB_2_2_3	1	R
skipB_2_2_4	2	skipB_2_2_3	2	R
skipB_2_2_4	3	skipB_2_2_3	3	R
skipB_2_2_3	,	skipB_2_2_2	,	R
skipB_2_2_2	L	skipB_2_2_1	L	R
skipB_2_2_2	R	skipB_2_2_1	R	R
skipB_2_2_1	;	cmpA_2_2	;	R
cmpA_2_3	0	skipA_2_3_9	0	R
cmpA_2_3	1	skipA_2_3_9	1	R
cmpA_2_3	2	skip1_2_3	2	R
cmpA_2_3	3	skipA_2_3_9	3	R
cmpA_2_3	#	REJECT	#	R
skip1_2_3	,	cmpB_2_3	,	R
cmpB_2_3	0	skipB_2_3_7	0	R
cmpB_2_3	1	skipB_2_3_7	1	R
cmpB_2_3	2	skipB_2_3_7	2	R
cmpB_2_3	3	passComma2	3	R
skipA_2_3_9	,	skipA_2_3_8	,	R
skipA_2_3_8	0	skipA_2_3_7	0	R
skipA_2_3_8	1	skipA_2_3_7	1	R
skipA_2_3_8	2	skipA_2_3_7	2	R
skipA_2_3_8	3	skipA_2_3_7	3	R
skipA_2_3_7	,	skipA_2_3_6	,	R
skipA_2_3_6	0	skipA_2_3_5	0	R
skipA_2_3_6	1	skipA_2_3_5	1	R
skipA_2_3_6	2	skipA_2_3_5	2	R
skipA_2_3_6	3	skipA_2_3_5	3	R
skipA_2_3_6	A	skipA_2_3_5	A	R
skipA_2_3_6	X	skipA_2_3_5	X	R
skipA_2_3_5	,	skipA_2_3_4	,	R
skipA_2_3_4	0	skipA_2_3_3	0	R
skipA_2_3_4	1	skipA_2_3_3	1	R
skipA_2_3_4	2	skipA_2_3_3	2	R
skipA_2_3_4	3	skipA_2_3_3	3	R
skipA_2_3_3	,	skipA_2_3_2	,	R
skipA_2_3_2	L	skipA_2_3_1	L	R
skipA_2_3_2	R	skipA_2_3_1	R	R
skipA_2_3_1	;	cmpA_2_3	;	R
skipB_2_3_7	,	skipB_2_3_6	,	R
skipB_2_3_6	0	skipB_2_3_5	0	R
skipB_2_3_6	1	skipB_2_3_5	1	R
skipB_2_3_6	2	skipB_2_3_5	2	R
skipB_2_3_6	3	skipB_2_3_5	3	R
skipB_2_3_6	A	skipB_2_3_5	A	R
skipB_2_3_6	X	skipB_2_3_5	X	R
skipB_2_3_5	,	skipB_2_3_4	,	R
skipB_2_3_4	0	skipB_2_3_3	0	R
skipB_2_3_4	1	skipB_2_3_3	1	R
skipB_2_3_4	2	skipB_2_3_3	2	R
skipB_2_3_4	3	skipB_2_3_3	3	R
skipB_2_3_3	,	skipB_2_3_2	,	R
skipB_2_3_2	L	skipB_2_3_1	L	R
skipB_2_3_2	R	skipB_2_3_1	R	R
skipB_2_3_1	;	cmpA_2_3	;	R
cmpA_3_0	0	skipA_3_0_9	0	R
cmpA_3_0	1	skipA_3_0_9	1	R
cmpA_3_0	2	skipA_3_0_9	2	R
cmpA_3_0	3	skip1_3_0	3	R
cmpA_3_0	#	REJECT	#	R
skip1_3_0	,	cmpB_3_0	,	R
cmpB_3_0	0	passComma2	0	R
cmpB_3_0	1	skipB_3_0_7	1	R
cmpB_3_0	2	skipB_3_0_7	2	R
cmpB_3_0	3	skipB_3_0_7	3	R
skipA_3_0_9	,	skipA_3_0_8	,	R
skipA_3_0_8	0	skipA_3_0_7	0	R
skipA_3_0_8	1	skipA_3_0_7	1	R
skipA_3_0_8	2	skipA_3_0_7	2	R
skipA_3_0_8	3	skipA_3_0_7	3	R
skipA_3_0_7	,	skipA_3_0_6	,	R
skipA_3_0_6	0	skipA_3_0_5	0	R
skipA_3_0_6	1	skipA_3_0_5	1	R
skipA_3_0_6	2	skipA_3_0_5	2	R
skipA_3_0_6	3	skipA_3_0_5	3	R
skipA_3_0_6	A	skipA_3_0_5	A	R
skipA_3_0_6	X	skipA_3_0_5	X	R
skipA_3_0_5	,	skipA_3_0_4	,	R
skipA_3_0_4	0	skipA_3_0_3	0	R
skipA_3_0_4	1	skipA_3_0_3	1	R
skipA_3_0_4	2	skipA_3_0_3	2	R
skipA_3_0_4	3	skipA_3_0_3	3	R
skipA_3_0_3	,	skipA_3_0_2	,	R
skipA_3_0_2	L	skipA_3_0_1	L	R
skipA_3_0_2	R	skipA_3_0_1	R	R
skipA_3_0_1	;	cmpA_3_0	;	R
skipB_3_0_7	,	skipB_3_0_6	,	R
skipB_3_0_6	0	skipB_3_0_5	0	R
skipB_3_0_6	1	skipB_3_0_5	1	R
skipB_3_0_6	2	skipB_3_0_5	2	R
skipB_3_0_6	3	skipB_3_0_5	3	R
skipB_3_0_6	A	skipB_3_0_5	A	R
skipB_3_0_6	X	skipB_3_0_5	X	R
skipB_3_0_5	,	skipB_3_0_4	,	R
skipB_3_0_4	0	skipB_3_0_3	0	R
skipB_3_0_4	1	skipB_3_0_3	1	R
skipB_3_0_4	2	skipB_3_0_3	2	R
skipB_3_0_4	3	skipB_3_0_3	3	R
skipB_3_0_3	,	skipB_3_0_2	,	R
skipB_3_0_2	L	skipB_3_0_1	L	R
skipB_3_0_2	R	skipB_3_0_1	R	R
skipB_3_0_1	;	cmpA_3_0	;	R
cmpA_3_1	0	skipA_3_1_9	0	R
cmpA_3_1	1	skipA_3_1_9	1	R
cmpA_3_1	2	skipA_3_1_9	2	R
cmpA_3_1	3	skip1_3_1	3	R
cmpA_3_1	#	REJECT	#	R
skip1_3_1	,	cmpB_3_1	,	R
cmpB_3_1	0	skipB_3_1_7	0	R
cmpB_3_1	1	passComma2	1	R
cmpB_3_1	2	skipB_3_1_7	2	R
cmpB_3_1	3	skipB_3_1_7	3	R
skipA_3_1_9	,	skipA_3_1_8	,	R
skipA_3_1_8	0	skipA_3_1_7	0	R
skipA_3_1_8	1	skipA_3_1_7	1	R
skipA_3_1_8	2	skipA_3_1_7	2	R
skipA_3_1_8	3	skipA_3_1_7	3	R
skipA_3_1_7	,	skipA_3_1_6	,	R
skipA_3_1_6	0	skipA_3_1_5	0	R
skipA_3_1_6	1	skipA_3_1_5	1	R
skipA_3_1_6	2	skipA_3_1_5	2	R
skipA_3_1_6	3	skipA_3_1_5	3	R
skipA_3_1_6	A	skipA_3_1_5	A	R
skipA_3_1_6	X	skipA_3_1_5	X	R
skipA_3_1_5	,	skipA_3_1_4	,	R
skipA_3_1_4	0	skipA_3_1_3	0	R
skipA_3_1_4	1	skipA_3_1_3	1	R
skipA_3_1_4	2	skipA_3_1_3	2	R
skipA_3_1_4	3	skipA_3_1_3	3	R
skipA_3_1_3	,	skipA_3_1_2	,	R
skipA_3_1_2	L	skipA_3_1_1	L	R
skipA_3_1_2	R	skipA_3_1_1	R	R
skipA_3_1_1	;	cmpA_3_1	;	R
skipB_3_1_7	,	skipB_3_1_6	,	R
skipB_3_1_6	0	skipB_3_1_5	0	R
skipB_3_1_6	1	skipB_3_1_5	1	R
skipB_3_1_6	2	skipB_3_1_5	2	R
skipB_3_1_6	3	skipB_3_1_5	3	R
skipB_3_1_6	A	skipB_3_1_5	A	R
skipB_3_1_6	X	skipB_3_1_5	X	R
skipB_3_1_5	,	skipB_3_1_4	,	R
skipB_3_1_4	0	skipB_3_1_3	0	R
skipB_3_1_4	1	skipB_3_1_3	1	R
skipB_3_1_4	2	skipB_3_1_3	2	R
skipB_3_1_4	3	skipB_3_1_3	3	R
skipB_3_1_3	,	skipB_3_1_2	,	R
skipB_3_1_2	L	skipB_3_1_1	L	R
skipB_3_1_2	R	skipB_3_1_1	R	R
skipB_3_1_1	;	cmpA_3_1	;	R
cmpA_3_2	0	skipA_3_2_9	0	R
cmpA_3_2	1	skipA_3_2_9	1	R
cmpA_3_2	2	skipA_3_2_9	2	R
cmpA_3_2	3	skip1_3_2	3	R
cmpA_3_2	#	REJECT	#	R
skip1_3_2	,	cmpB_3_2	,	R
cmpB_3_2	0	skipB_3_2_7	0	R
cmpB_3_2	1	skipB_3_2_7	1	R
cmpB_3_2	2	passComma2	2	R
cmpB_3_2	3	skipB_3_2_7	3	R
skipA_3_2_9	,	skipA_3_2_8	,	R
skipA_3_2_8	0	skipA_3_2_7	0	R
skipA_3_2_8	1	skipA_3_2_7	1	R
skipA_3_2_8	2	skipA_3_2_7	2	R
skipA_3_2_8	3	skipA_3_2_7	3	R
skipA_3_2_7	,	skipA_3_2_6	,	R
skipA_3_2_6	0	skipA_3_2_5	0	R
skipA_3_2_6	1	skipA_3_2_5	1	R
skipA_3_2_6	2	skipA_3_2_5	2	R
skipA_3_2_6	3	skipA_3_2_5	3	R
skipA_3_2_6	A	skipA_3_2_5	A	R
skipA_3_2_6	X	skipA_3_2_5	X	R
skipA_3_2_5	,	skipA_3_2_4	,	R
skipA_3_2_4	0	skipA_3_2_3	0	R
skipA_3_2_4	1	skipA_3_2_3	1	R
skipA_3_2_4	2	skipA_3_2_3	2	R
skipA_3_2_4	3	skipA_3_2_3	3	R
skipA_3_2_3	,	skipA_3_2_2	,	R
skipA_3_2_2	L	skipA_3_2_1	L	R
skipA_3_2_2	R	skipA_3_2_1	R	R
skipA_3_2_1	;	cmpA_3_2	;	R
skipB_3_2_7	,	skipB_3_2_6	,	R
skipB_3_2_6	0	skipB_3_2_5	0	R
skipB_3_2_6	1	skipB_3_2_5	1	R
skipB_3_2_6	2	skipB_3_2_5	2	R
skipB_3_2_6	3	skipB_3_2_5	3	R
skipB_3_2_6	A	skipB_3_2_5	A	R
skipB_3_2_6	X	skipB_3_2_5	X	R
skipB_3_2_5	,	skipB_3_2_4	,	R
skipB_3_2_4	0	skipB_3_2_3	0	R
skipB_3_2_4	1	skipB_3_2_3	1	R
skipB_3_2_4	2	skipB_3_2_3	2	R
skipB_3_2_4	3	skipB_3_2_3	3	R
skipB_3_2_3	,	skipB_3_2_2	,	R
skipB_3_2_2	L	skipB_3_2_1	L	R
skipB_3_2_2	R	skipB_3_2_1	R	R
skipB_3_2_1	;	cmpA_3_2	;	R
cmpA_3_3	0	skipA_3_3_9	0	R
cmpA_3_3	1	skipA_3_3_9	1	R
cmpA_3_3	2	skipA_3_3_9	2	R
cmpA_3_3	3	skip1_3_3	3	R
cmpA_3_3	#	REJECT	#	R
skip1_3_3	,	cmpB_3_3	,	R
cmpB_3_3	0	skipB_3_3_7	0	R
cmpB_3_3	1	skipB_3_3_7	1	R
cmpB_3_3	2	skipB_3_3_7	2	R
cmpB_3_3	3	passComma2	3	R
skipA_3_3_9	,	skipA_3_3_8	,	R
skipA_3_3_8	0	skipA_3_3_7	0	R
skipA_3_3_8	1	skipA_3_3_7	1	R
skipA_3_3_8	2	skipA_3_3_7	2	R
skipA_3_3_8	3	skipA_3_3_7	3	R
skipA_3_3_7	,	skipA_3_3_6	,	R
skipA_3_3_6	0	skipA_3_3_5	0	R
skipA_3_3_6	1	skipA_3_3_5	1	R
skipA_3_3_6	2	skipA_3_3_5	2	R
skipA_3_3_6	3	skipA_3_3_5	3	R
skipA_3_3_6	A	skipA_3_3_5	A	R
skipA_3_3_6	X	skipA_3_3_5	X	R
skipA_3_3_5	,	skipA_3_3_4	,	R
skipA_3_3_4	0	skipA_3_3_3	0	R
skipA_3_3_4	1	skipA_3_3_3	1	R
skipA_3_3_4	2	skipA_3_3_3	2	R
skipA_3_3_4	3	skipA_3_3_3	3	R
skipA_3_3_3	,	skipA_3_3_2	,	R
skipA_3_3_2	L	skipA_3_3_1	L	R
skipA_3_3_2	R	skipA_3_3_1	R	R
skipA_3_3_1	;	cmpA_3_3	;	R
skipB_3_3_7	,	skipB_3_3_6	,	R
skipB_3_3_6	0	skipB_3_3_5	0	R
skipB_3_3_6	1	skipB_3_3_5	1	R
skipB_3_3_6	2	skipB_3_3_5	2	R
skipB_3_3_6	3	skipB_3_3_5	3	R
skipB_3_3_6	A	skipB_3_3_5	A	R
skipB_3_3_6	X	skipB_3_3_5	X	R
skipB_3_3_5	,	skipB_3_3_4	,	R
skipB_3_3_4	0	skipB_3_3_3	0	R
skipB_3_3_4	1	skipB_3_3_3	1	R
skipB_3_3_4	2	skipB_3_3_3	2	R
skipB_3_3_4	3	skipB_3_3_3	3	R
skipB_3_3_3	,	skipB_3_3_2	,	R
skipB_3_3_2	L	skipB_3_3_1	L	R
skipB_3_3_2	R	skipB_3_3_1	R	R
skipB_3_3_1	;	cmpA_3_3	;	R
passComma2	,	readQ2	,	R
readQ2	0	gotq2_0	0	R
readQ2	1	gotq2_1	1	R
readQ2	2	gotq2_2	2	R
readQ2	3	gotq2_3	3	R
readQ2	A	gotq2_A	A	R
readQ2	X	gotq2_X	X	R
gotq2_0	,	skip2_0	,	R
gotq2_1	,	skip2_1	,	R
gotq2_2	,	skip2_2	,	R
gotq2_3	,	skip2_3	,	R
gotq2_A	,	skip2_A	,	R
gotq2_X	,	skip2_X	,	R
skip2_0	0	gotb_0_0	0	R
skip2_0	1	gotb_0_1	1	R
skip2_0	2	gotb_0_2	2	R
skip2_0	3	gotb_0_3	3	R
skip2_1	0	gotb_1_0	0	R
skip2_1	1	gotb_1_1	1	R
skip2_1	2	gotb_1_2	2	R
skip2_1	3	gotb_1_3	3	R
skip2_2	0	gotb_2_0	0	R
skip2_2	1	gotb_2_1	1	R
skip2_2	2	gotb_2_2	2	R
skip2_2	3	gotb_2_3	3	R
skip2_3	0	gotb_3_0	0	R
skip2_3	1	gotb_3_1	1	R
skip2_3	2	gotb_3_2	2	R
skip2_3	3	gotb_3_3	3	R
skip2_A	0	gotb_A_0	0	R
skip2_A	1	gotb_A_1	1	R
skip2_A	2	gotb_A_2	2	R
skip2_A	3	gotb_A_3	3	R
skip2_X	0	gotb_X_0	0	R
skip2_X	1	gotb_X_1	1	R
skip2_X	2	gotb_X_2	2	R
skip2_X	3	gotb_X_3	3	R
gotb_0_0	,	skip3_0_0	,	R
skip3_0_0	L	apply_0_0_L	L	R
skip3_0_0	R	apply_0_0_R	R	R
gotb_0_1	,	skip3_0_1	,	R
skip3_0_1	L	apply_0_1_L	L	R
skip3_0_1	R	apply_0_1_R	R	R
gotb_0_2	,	skip3_0_2	,	R
skip3_0_2	L	apply_0_2_L	L	R
skip3_0_2	R	apply_0_2_R	R	R
gotb_0_3	,	skip3_0_3	,	R
skip3_0_3	L	apply_0_3_L	L	R
skip3_0_3	R	apply_0_3_R	R	R
gotb_1_0	,	skip3_1_0	,	R
skip3_1_0	L	apply_1_0_L	L	R
skip3_1_0	R	apply_1_0_R	R	R
gotb_1_1	,	skip3_1_1	,	R
skip3_1_1	L	apply_1_1_L	L	R
skip3_1_1	R	apply_1_1_R	R	R
gotb_1_2	,	skip3_1_2	,	R
skip3_1_2	L	apply_1_2_L	L	R
skip3_1_2	R	apply_1_2_R	R	R
gotb_1_3	,	skip3_1_3	,	R
skip3_1_3	L	apply_1_3_L	L	R
skip3_1_3	R	apply_1_3_R	R	R
gotb_2_0	,	skip3_2_0	,	R
skip3_2_0	L	apply_2_0_L	L	R
skip3_2_0	R	apply_2_0_R	R	R
gotb_2_1	,	skip3_2_1	,	R
skip3_2_1	L	apply_2_1_L	L	R
skip3_2_1	R	apply_2_1_R	R	R
gotb_2_2	,	skip3_2_2	,	R
skip3_2_2	L	apply_2_2_L	L	R
skip3_2_2	R	apply_2_2_R	R	R
gotb_2_3	,	skip3_2_3	,	R
skip3_2_3	L	apply_2_3_L	L	R
skip3_2_3	R	apply_2_3_R	R	R
gotb_3_0	,	skip3_3_0	,	R
skip3_3_0	L	apply_3_0_L	L	R
skip3_3_0	R	apply_3_0_R	R	R
gotb_3_1	,	skip3_3_1	,	R
skip3_3_1	L	apply_3_1_L	L	R
skip3_3_1	R	apply_3_1_R	R	R
gotb_3_2	,	skip3_3_2	,	R
skip3_3_2	L	apply_3_2_L	L	R
skip3_3_2	R	apply_3_2_R	R	R
gotb_3_3	,	skip3_3_3	,	R
skip3_3_3	L	apply_3_3_L	L	R
skip3_3_3	R	apply_3_3_R	R	R
gotb_A_0	,	skip3_A_0	,	R
skip3_A_0	L	apply_A_0_L	L	R
skip3_A_0	R	apply_A_0_R	R	R
gotb_A_1	,	skip3_A_1	,	R
skip3_A_1	L	apply_A_1_L	L	R
skip3_A_1	R	apply_A_1_R	R	R
gotb_A_2	,	skip3_A_2	,	R
skip3_A_2	L	apply_A_2_L	L	R
skip3_A_2	R	apply_A_2_R	R	R
gotb_A_3	,	skip3_A_3	,	R
skip3_A_3	L	apply_A_3_L	L	R
skip3_A_3	R	apply_A_3_R	R	R
gotb_X_0	,	skip3_X_0	,	R
skip3_X_0	L	apply_X_0_L	L	R
skip3_X_0	R	apply_X_0_R	R	R
gotb_X_1	,	skip3_X_1	,	R
skip3_X_1	L	apply_X_1_L	L	R
skip3_X_1	R	apply_X_1_R	R	R
gotb_X_2	,	skip3_X_2	,	R
skip3_X_2	L	apply_X_2_L	L	R
skip3_X_2	R	apply_X_2_R	R	R
gotb_X_3	,	skip3_X_3	,	R
skip3_X_3	L	apply_X_3_L	L	R
skip3_X_3	R	apply_X_3_R	R	R
apply_0_0_L	;	rewind3_0_0_L	;	R
apply_0_0_R	;	rewind3_0_0_R	;	R
apply_0_1_L	;	rewind3_0_1_L	;	R
apply_0_1_R	;	rewind3_0_1_R	;	R
apply_0_2_L	;	rewind3_0_2_L	;	R
apply_0_2_R	;	rewind3_0_2_R	;	R
apply_0_3_L	;	rewind3_0_3_L	;	R
apply_0_3_R	;	rewind3_0_3_R	;	R
apply_1_0_L	;	rewind3_1_0_L	;	R
apply_1_0_R	;	rewind3_1_0_R	;	R
apply_1_1_L	;	rewind3_1_1_L	;	R
apply_1_1_R	;	rewind3_1_1_R	;	R
apply_1_2_L	;	rewind3_1_2_L	;	R
apply_1_2_R	;	rewind3_1_2_R	;	R
apply_1_3_L	;	rewind3_1_3_L	;	R
apply_1_3_R	;	rewind3_1_3_R	;	R
apply_2_0_L	;	rewind3_2_0_L	;	R
apply_2_0_R	;	rewind3_2_0_R	;	R
apply_2_1_L	;	rewind3_2_1_L	;	R
apply_2_1_R	;	rewind3_2_1_R	;	R
apply_2_2_L	;	rewind3_2_2_L	;	R
apply_2_2_R	;	rewind3_2_2_R	;	R
apply_2_3_L	;	rewind3_2_3_L	;	R
apply_2_3_R	;	rewind3_2_3_R	;	R
apply_3_0_L	;	rewind3_3_0_L	;	R
apply_3_0_R	;	rewind3_3_0_R	;	R
apply_3_1_L	;	rewind3_3_1_L	;	R
apply_3_1_R	;	rewind3_3_1_R	;	R
apply_3_2_L	;	rewind3_3_2_L	;	R
apply_3_2_R	;	rewind3_3_2_R	;	R
apply_3_3_L	;	rewind3_3_3_L	;	R
apply_3_3_R	;	rewind3_3_3_R	;	R
apply_A_0_L	;	rewind3_A_0_L	;	R
apply_A_0_R	;	rewind3_A_0_R	;	R
apply_A_1_L	;	rewind3_A_1_L	;	R
apply_A_1_R	;	rewind3_A_1_R	;	R
apply_A_2_L	;	rewind3_A_2_L	;	R
apply_A_2_R	;	rewind3_A_2_R	;	R
apply_A_3_L	;	rewind3_A_3_L	;	R
apply_A_3_R	;	rewind3_A_3_R	;	R
apply_X_0_L	;	rewind3_X_0_L	;	R
apply_X_0_R	;	rewind3_X_0_R	;	R
apply_X_1_L	;	rewind3_X_1_L	;	R
apply_X_1_R	;	rewind3_X_1_R	;	R
apply_X_2_L	;	rewind3_X_2_L	;	R
apply_X_2_R	;	rewind3_X_2_R	;	R
apply_X_3_L	;	rewind3_X_3_L	;	R
apply_X_3_R	;	rewind3_X_3_R	;	R
rewind3_0_0_L	c	rewind3_0_0_L	c	L
rewind3_0_0_L	a	rewind3_0_0_L	a	L
rewind3_0_0_L	R	rewind3_0_0_L	R	L
rewind3_0_0_L	A	rewind3_0_0_L	A	L
rewind3_0_0_L	L	rewind3_0_0_L	L	L
rewind3_0_0_L	,	rewind3_0_0_L	,	L
rewind3_0_0_L	d	rewind3_0_0_L	d	L
rewind3_0_0_L	1	rewind3_0_0_L	1	L
rewind3_0_0_L	X	rewind3_0_0_L	X	L
rewind3_0_0_L	0	rewind3_0_0_L	0	L
rewind3_0_0_L	#	rewind3_0_0_L	#	L
rewind3_0_0_L	;	rewind3_0_0_L	;	L
rewind3_0_0_L	b	rewind3_0_0_L	b	L
rewind3_0_0_L	3	rewind3_0_0_L	3	L
rewind3_0_0_L	2	rewind3_0_0_L	2	L
rewind3_0_0_L	^	scanA_0_0_L	^	R
rewind3_0_0_R	c	rewind3_0_0_R	c	L
rewind3_0_0_R	a	rewind3_0_0_R	a	L
rewind3_0_0_R	R	rewind3_0_0_R	R	L
rewind3_0_0_R	A	rewind3_0_0_R	A	L
rewind3_0_0_R	L	rewind3_0_0_R	L	L
rewind3_0_0_R	,	rewind3_0_0_R	,	L
rewind3_0_0_R	d	rewind3_0_0_R	d	L
rewind3_0_0_R	1	rewind3_0_0_R	1	L
rewind3_0_0_R	X	rewind3_0_0_R	X	L
rewind3_0_0_R	0	rewind3_0_0_R	0	L
rewind3_0_0_R	#	rewind3_0_0_R	#	L
rewind3_0_0_R	;	rewind3_0_0_R	;	L
rewind3_0_0_R	b	rewind3_0_0_R	b	L
rewind3_0_0_R	3	rewind3_0_0_R	3	L
rewind3_0_0_R	2	rewind3_0_0_R	2	L
rewind3_0_0_R	^	scanA_0_0_R	^	R
rewind3_0_1_L	c	rewind3_0_1_L	c	L
rewind3_0_1_L	a	rewind3_0_1_L	a	L
rewind3_0_1_L	R	rewind3_0_1_L	R	L
rewind3_0_1_L	A	rewind3_0_1_L	A	L
rewind3_0_1_L	L	rewind3_0_1_L	L	L
rewind3_0_1_L	,	rewind3_0_1_L	,	L
rewind3_0_1_L	d	rewind3_0_1_L	d	L
rewind3_0_1_L	1	rewind3_0_1_L	1	L
rewind3_0_1_L	X	rewind3_0_1_L	X	L
rewind3_0_1_L	0	rewind3_0_1_L	0	L
rewind3_0_1_L	#	rewind3_0_1_L	#	L
rewind3_0_1_L	;	rewind3_0_1_L	;	L
rewind3_0_1_L	b	rewind3_0_1_L	b	L
rewind3_0_1_L	3	rewind3_0_1_L	3	L
rewind3_0_1_L	2	rewind3_0_1_L	2	L
rewind3_0_1_L	^	scanA_0_1_L	^	R
rewind3_0_1_R	c	rewind3_0_1_R	c	L
rewind3_0_1_R	a	rewind3_0_1_R	a	L
rewind3_0_1_R	R	rewind3_0_1_R	R	L
rewind3_0_1_R	A	rewind3_0_1_R	A	L
rewind3_0_1_R	L	rewind3_0_1_R	L	L
rewind3_0_1_R	,	rewind3_0_1_R	,	L
rewind3_0_1_R	d	rewind3_0_1_R	d	L
rewind3_0_1_R	1	rewind3_0_1_R	1	L
rewind3_0_1_R	X	rewind3_0_1_R	X	L
rewind3_0_1_R	0	rewind3_0_1_R	0	L
rewind3_0_1_R	#	rewind3_0_1_R	#	L
rewind3_0_1_R	;	rewind3_0_1_R	;	L
rewind3_0_1_R	b	rewind3_0_1_R	b	L
rewind3_0_1_R	3	rewind3_0_1_R	3	L
rewind3_0_1_R	2	rewind3_0_1_R	2	L
rewind3_0_1_R	^	scanA_0_1_R	^	R
rewind3_0_2_L	c	rewind3_0_2_L	c	L
rewind3_0_2_L	a	rewind3_0_2_L	a	L
rewind3_0_2_L	R	rewind3_0_2_L	R	L
rewind3_0_2_L	A	rewind3_0_2_L	A	L
rewind3_0_2_L	L	rewind3_0_2_L	L	L
rewind3_0_2_L	,	rewind3_0_2_L	,	L
rewind3_0_2_L	d	rewind3_0_2_L	d	L
rewind3_0_2_L	1	rewind3_0_2_L	1	L
rewind3_0_2_L	X	rewind3_0_2_L	X	L
rewind3_0_2_L	0	rewind3_0_2_L	0	L
rewind3_0_2_L	#	rewind3_0_2_L	#	L
rewind3_0_2_L	;	rewind3_0_2_L	;	L
rewind3_0_2_L	b	rewind3_0_2_L	b	L
rewind3_0_2_L	3	rewind3_0_2_L	3	L
rewind3_0_2_L	2	rewind3_0_2_L	2	L
rewind3_0_2_L	^	scanA_0_2_L	^	R
rewind3_0_2_R	c	rewind3_0_2_R	c	L
rewind3_0_2_R	a	rewind3_0_2_R	a	L
rewind3_0_2_R	R	rewind3_0_2_R	R	L
rewind3_0_2_R	A	rewind3_0_2_R	A	L
rewind3_0_2_R	L	rewind3_0_2_R	L	L
rewind3_0_2_R	,	rewind3_0_2_R	,	L
rewind3_0_2_R	d	rewind3_0_2_R	d	L
rewind3_0_2_R	1	rewind3_0_2_R	1	L
rewind3_0_2_R	X	rewind3_0_2_R	X	L
rewind3_0_2_R	0	rewind3_0_2_R	0	L
rewind3_0_2_R	#	rewind3_0_2_R	#	L
rewind3_0_2_R	;	rewind3_0_2_R	;	L
rewind3_0_2_R	b	rewind3_0_2_R	b	L
rewind3_0_2_R	3	rewind3_0_2_R	3	L
rewind3_0_2_R	2	rewind3_0_2_R	2	L
rewind3_0_2_R	^	scanA_0_2_R	^	R
rewind3_0_3_L	c	rewind3_0_3_L	c	L
rewind3_0_3_L	a	rewind3_0_3_L	a	L
rewind3_0_3_L	R	rewind3_0_3_L	R	L
rewind3_0_3_L	A	rewind3_0_3_L	A	L
rewind3_0_3_L	L	rewind3_0_3_L	L	L
rewind3_0_3_L	,	rewind3_0_3_L	,	L
rewind3_0_3_L	d	rewind3_0_3_L	d	L
rewind3_0_3_L	1	rewind3_0_3_L	1	L
rewind3_0_3_L	X	rewind3_0_3_L	X	L
rewind3_0_3_L	0	rewind3_0_3_L	0	L
rewind3_0_3_L	#	rewind3_0_3_L	#	L
rewind3_0_3_L	;	rewind3_0_3_L	;	L
rewind3_0_3_L	b	rewind3_0_3_L	b	L
rewind3_0_3_L	3	rewind3_0_3_L	3	L
rewind3_0_3_L	2	rewind3_0_3_L	2	L
rewind3_0_3_L	^	scanA_0_3_L	^	R
rewind3_0_3_R	c	rewind3_0_3_R	c	L
rewind3_0_3_R	a	rewind3_0_3_R	a	L
rewind3_0_3_R	R	rewind3_0_3_R	R	L
rewind3_0_3_R	A	rewind3_0_3_R	A	L
rewind3_0_3_R	L	rewind3_0_3_R	L	L
rewind3_0_3_R	,	rewind3_0_3_R	,	L
rewind3_0_3_R	d	rewind3_0_3_R	d	L
rewind3_0_3_R	1	rewind3_0_3_R	1	L
rewind3_0_3_R	X	rewind3_0_3_R	X	L
rewind3_0_3_R	0	rewind3_0_3_R	0	L
rewind3_0_3_R	#	rewind3_0_3_R	#	L
rewind3_0_3_R	;	rewind3_0_3_R	;	L
rewind3_0_3_R	b	rewind3_0_3_R	b	L
rewind3_0_3_R	3	rewind3_0_3_R	3	L
rewind3_0_3_R	2	rewind3_0_3_R	2	L
rewind3_0_3_R	^	scanA_0_3_R	^	R
rewind3_1_0_L	c	rewind3_1_0_L	c	L
rewind3_1_0_L	a	rewind3_1_0_L	a	L
rewind3_1_0_L	R	rewind3_1_0_L	R	L
rewind3_1_0_L	A	rewind3_1_0_L	A	L
rewind3_1_0_L	L	rewind3_1_0_L	L	L
rewind3_1_0_L	,	rewind3_1_0_L	,	L
rewind3_1_0_L	d	rewind3_1_0_L	d	L
rewind3_1_0_L	1	rewind3_1_0_L	1	L
rewind3_1_0_L	X	rewind3_1_0_L	X	L
rewind3_1_0_L	0	rewind3_1_0_L	0	L
rewind3_1_0_L	#	rewind3_1_0_L	#	L
rewind3_1_0_L	;	rewind3_1_0_L	;	L
rewind3_1_0_L	b	rewind3_1_0_L	b	L
rewind3_1_0_L	3	rewind3_1_0_L	3	L
rewind3_1_0_L	2	rewind3_1_0_L	2	L
rewind3_1_0_L	^	scanA_1_0_L	^	R
rewind3_1_0_R	c	rewind3_1_0_R	c	L
rewind3_1_0_R	a	rewind3_1_0_R	a	L
rewind3_1_0_R	R	rewind3_1_0_R	R	L
rewind3_1_0_R	A	rewind3_1_0_R	A	L
rewind3_1_0_R	L	rewind3_1_0_R	L	L
rewind3_1_0_R	,	rewind3_1_0_R	,	L
rewind3_1_0_R	d	rewind3_1_0_R	d	L
rewind3_1_0_R	1	rewind3_1_0_R	1	L
rewind3_1_0_R	X	rewind3_1_0_R	X	L
rewind3_1_0_R	0	rewind3_1_0_R	0	L
rewind3_1_0_R	#	rewind3_1_0_R	#	L
rewind3_1_0_R	;	rewind3_1_0_R	;	L
rewind3_1_0_R	b	rewind3_1_0_R	b	L
rewind3_1_0_R	3	rewind3_1_0_R	3	L
rewind3_1_0_R	2	rewind3_1_0_R	2	L
rewind3_1_0_R	^	scanA_1_0_R	^	R
rewind3_1_1_L	c	rewind3_1_1_L	c	L
rewind3_1_1_L	a	rewind3_1_1_L	a	L
rewind3_1_1_L	R	rewind3_1_1_L	R	L
rewind3_1_1_L	A	rewind3_1_1_L	A	L
rewind3_1_1_L	L	rewind3_1_1_L	L	L
rewind3_1_1_L	,	rewind3_1_1_L	,	L
rewind3_1_1_L	d	rewind3_1_1_L	d	L
rewind3_1_1_L	1	rewind3_1_1_L	1	L
rewind3_1_1_L	X	rewind3_1_1_L	X	L
rewind3_1_1_L	0	rewind3_1_1_L	0	L
rewind3_1_1_L	#	rewind3_1_1_L	#	L
rewind3_1_1_L	;	rewind3_1_1_L	;	L
rewind3_1_1_L	b	rewind3_1_1_L	b	L
rewind3_1_1_L	3	rewind3_1_1_L	3	L
rewind3_1_1_L	2	rewind3_1_1_L	2	L
rewind3_1_1_L	^	scanA_1_1_L	^	R
rewind3_1_1_R	c	rewind3_1_1_R	c	L
rewind3_1_1_R	a	rewind3_1_1_R	a	L
rewind3_1_1_R	R	rewind3_1_1_R	R	L
rewind3_1_1_R	A	rewind3_1_1_R	A	L
rewind3_1_1_R	L	rewind3_1_1_R	L	L
rewind3_1_1_R	,	rewind3_1_1_R	,	L
rewind3_1_1_R	d	rewind3_1_1_R	d	L
rewind3_1_1_R	1	rewind3_1_1_R	1	L
rewind3_1_1_R	X	rewind3_1_1_R	X	L
rewind3_1_1_R	0	rewind3_1_1_R	0	L
rewind3_1_1_R	#	rewind3_1_1_R	#	L
rewind3_1_1_R	;	rewind3_1_1_R	;	L
rewind3_1_1_R	b	rewind3_1_1_R	b	L
rewind3_1_1_R	3	rewind3_1_1_R	3	L
rewind3_1_1_R	2	rewind3_1_1_R	2	L
rewind3_1_1_R	^	scanA_1_1_R	^	R
rewind3_1_2_L	c	rewind3_1_2_L	c	L
rewind3_1_2_L	a	rewind3_1_2_L	a	L
rewind3_1_2_L	R	rewind3_1_2_L	R	L
rewind3_1_2_L	A	rewind3_1_2_L	A	L
rewind3_1_2_L	L	rewind3_1_2_L	L	L
rewind3_1_2_L	,	rewind3_1_2_L	,	L
rewind3_1_2_L	d	rewind3_1_2_L	d	L
rewind3_1_2_L	1	rewind3_1_2_L	1	L
rewind3_1_2_L	X	rewind3_1_2_L	X	L
rewind3_1_2_L	0	rewind3_1_2_L	0	L
rewind3_1_2_L	#	rewind3_1_2_L	#	L
rewind3_1_2_L	;	rewind3_1_2_L	;	L
rewind3_1_2_L	b	rewind3_1_2_L	b	L
rewind3_1_2_L	3	rewind3_1_2_L	3	L
rewind3_1_2_L	2	rewind3_1_2_L	2	L
rewind3_1_2_L	^	scanA_1_2_L	^	R
rewind3_1_2_R	c	rewind3_1_2_R	c	L
rewind3_1_2_R	a	rewind3_1_2_R	a	L
rewind3_1_2_R	R	rewind3_1_2_R	R	L
rewind3_1_2_R	A	rewind3_1_2_R	A	L
rewind3_1_2_R	L	rewind3_1_2_R	L	L
rewind3_1_2_R	,	rewind3_1_2_R	,	L
rewind3_1_2_R	d	rewind3_1_2_R	d	L
rewind3_1_2_R	1	rewind3_1_2_R	1	L
rewind3_1_2_R	X	rewind3_1_2_R	X	L
rewind3_1_2_R	0	rewind3_1_2_R	0	L
rewind3_1_2_R	#	rewind3_1_2_R	#	L
rewind3_1_2_R	;	rewind3_1_2_R	;	L
rewind3_1_2_R	b	rewind3_1_2_R	b	L
rewind3_1_2_R	3	rewind3_1_2_R	3	L
rewind3_1_2_R	2	rewind3_1_2_R	2	L
rewind3_1_2_R	^	scanA_1_2_R	^	R
rewind3_1_3_L	c	rewind3_1_3_L	c	L
rewind3_1_3_L	a	rewind3_1_3_L	a	L
rewind3_1_3_L	R	rewind3_1_3_L	R	L
rewind3_1_3_L	A	rewind3_1_3_L	A	L
rewind3_1_3_L	L	rewind3_1_3_L	L	L
rewind3_1_3_L	,	rewind3_1_3_L	,	L
rewind3_1_3_L	d	rewind3_1_3_L	d	L
rewind3_1_3_L	1	rewind3_1_3_L	1	L
rewind3_1_3_L	X	rewind3_1_3_L	X	L
rewind3_1_3_L	0	rewind3_1_3_L	0	L
rewind3_1_3_L	#	rewind3_1_3_L	#	L
rewind3_1_3_L	;	rewind3_1_3_L	;	L
rewind3_1_3_L	b	rewind3_1_3_L	b	L
rewind3_1_3_L	3	rewind3_1_3_L	3	L
rewind3_1_3_L	2	rewind3_1_3_L	2	L
rewind3_1_3_L	^	scanA_1_3_L	^	R
rewind3_1_3_R	c	rewind3_1_3_R	c	L
rewind3_1_3_R	a	rewind3_1_3_R	a	L
rewind3_1_3_R	R	rewind3_1_3_R	R	L
rewind3_1_3_R	A	rewind3_1_3_R	A	L
rewind3_1_3_R	L	rewind3_1_3_R	L	L
rewind3_1_3_R	,	rewind3_1_3_R	,	L
rewind3_1_3_R	d	rewind3_1_3_R	d	L
rewind3_1_3_R	1	rewind3_1_3_R	1	L
rewind3_1_3_R	X	rewind3_1_3_R	X	L
rewind3_1_3_R	0	rewind3_1_3_R	0	L
rewind3_1_3_R	#	rewind3_1_3_R	#	L
rewind3_1_3_R	;	rewind3_1_3_R	;	L
rewind3_1_3_R	b	rewind3_1_3_R	b	L
rewind3_1_3_R	3	rewind3_1_3_R	3	L
rewind3_1_3_R	2	rewind3_1_3_R	2	L
rewind3_1_3_R	^	scanA_1_3_R	^	R
rewind3_2_0_L	c	rewind3_2_0_L	c	L
rewind3_2_0_L	a	rewind3_2_0_L	a	L
rewind3_2_0_L	R	rewind3_2_0_L	R	L
rewind3_2_0_L	A	rewind3_2_0_L	A	L
rewind3_2_0_L	L	rewind3_2_0_L	L	L
rewind3_2_0_L	,	rewind3_2_0_L	,	L
rewind3_2_0_L	d	rewind3_2_0_L	d	L
rewind3_2_0_L	1	rewind3_2_0_L	1	L
rewind3_2_0_L	X	rewind3_2_0_L	X	L
rewind3_2_0_L	0	rewind3_2_0_L	0	L
rewind3_2_0_L	#	rewind3_2_0_L	#	L
rewind3_2_0_L	;	rewind3_2_0_L	;	L
rewind3_2_0_L	b	rewind3_2_0_L	b	L
rewind3_2_0_L	3	rewind3_2_0_L	3	L
rewind3_2_0_L	2	rewind3_2_0_L	2	L
rewind3_2_0_L	^	scanA_2_0_L	^	R
rewind3_2_0_R	c	rewind3_2_0_R	c	L
rewind3_2_0_R	a	rewind3_2_0_R	a	L
rewind3_2_0_R	R	rewind3_2_0_R	R	L
rewind3_2_0_R	A	rewind3_2_0_R	A	L
rewind3_2_0_R	L	rewind3_2_0_R	L	L
rewind3_2_0_R	,	rewind3_2_0_R	,	L
rewind3_2_0_R	d	rewind3_2_0_R	d	L
rewind3_2_0_R	1	rewind3_2_0_R	1	L
rewind3_2_0_R	X	rewind3_2_0_R	X	L
rewind3_2_0_R	0	rewind3_2_0_R	0	L
rewind3_2_0_R	#	rewind3_2_0_R	#	L
rewind3_2_0_R	;	rewind3_2_0_R	;	L
rewind3_2_0_R	b	rewind3_2_0_R	b	L
rewind3_2_0_R	3	rewind3_2_0_R	3	L
rewind3_2_0_R	2	rewind3_2_0_R	2	L
rewind3_2_0_R	^	scanA_2_0_R	^	R
rewind3_2_1_L	c	rewind3_2_1_L	c	L
rewind3_2_1_L	a	rewind3_2_1_L	a	L
rewind3_2_1_L	R	rewind3_2_1_L	R	L
rewind3_2_1_L	A	rewind3_2_1_L	A	L
rewind3_2_1_L	L	rewind3_2_1_L	L	L
rewind3_2_1_L	,	rewind3_2_1_L	,	L
rewind3_2_1_L	d	rewind3_2_1_L	d	L
rewind3_2_1_L	1	rewind3_2_1_L	1	L
rewind3_2_1_L	X	rewind3_2_1_L	X	L
rewind3_2_1_L	0	rewind3_2_1_L	0	L
rewind3_2_1_L	#	rewind3_2_1_L	#	L
rewind3_2_1_L	;	rewind3_2_1_L	;	L
rewind3_2_1_L	b	rewind3_2_1_L	b	L
rewind3_2_1_L	3	rewind3_2_1_L	3	L
rewind3_2_1_L	2	rewind3_2_1_L	2	L
rewind3_2_1_L	^	scanA_2_1_L	^	R
rewind3_2_1_R	c	rewind3_2_1_R	c	L
rewind3_2_1_R	a	rewind3_2_1_R	a	L
rewind3_2_1_R	R	rewind3_2_1_R	R	L
rewind3_2_1_R	A	rewind3_2_1_R	A	L
rewind3_2_1_R	L	rewind3_2_1_R	L	L
rewind3_2_1_R	,	rewind3_2_1_R	,	L
rewind3_2_1_R	d	rewind3_2_1_R	d	L
rewind3_2_1_R	1	rewind3_2_1_R	1	L
rewind3_2_1_R	X	rewind3_2_1_R	X	L
rewind3_2_1_R	0	rewind3_2_1_R	0	L
rewind3_2_1_R	#	rewind3_2_1_R	#	L
rewind3_2_1_R	;	rewind3_2_1_R	;	L
rewind3_2_1_R	b	rewind3_2_1_R	b	L
rewind3_2_1_R	3	rewind3_2_1_R	3	L
rewind3_2_1_R	2	rewind3_2_1_R	2	L
rewind3_2_1_R	^	scanA_2_1_R	^	R
rewind3_2_2_L	c	rewind3_2_2_L	c	L
rewind3_2_2_L	a	rewind3_2_2_L	a	L
rewind3_2_2_L	R	rewind3_2_2_L	R	L
rewind3_2_2_L	A	rewind3_2_2_L	A	L
rewind3_2_2_L	L	rewind3_2_2_L	L	L
rewind3_2_2_L	,	rewind3_2_2_L	,	L
rewind3_2_2_L	d	rewind3_2_2_L	d	L
rewind3_2_2_L	1	rewind3_2_2_L	1	L
rewind3_2_2_L	X	rewind3_2_2_L	X	L
rewind3_2_2_L	0	rewind3_2_2_L	0	L
rewind3_2_2_L	#	rewind3_2_2_L	#	L
rewind3_2_2_L	;	rewind3_2_2_L	;	L
rewind3_2_2_L	b	rewind3_2_2_L	b	L
rewind3_2_2_L	3	rewind3_2_2_L	3	L
rewind3_2_2_L	2	rewind3_2_2_L	2	L
rewind3_2_2_L	^	scanA_2_2_L	^	R
rewind3_2_2_R	c	rewind3_2_2_R	c	L
rewind3_2_2_R	a	rewind3_2_2_R	a	L
rewind3_2_2_R	R	rewind3_2_2_R	R	L
rewind3_2_2_R	A	rewind3_2_2_R	A	L
rewind3_2_2_R	L	rewind3_2_2_R	L	L
rewind3_2_2_R	,	rewind3_2_2_R	,	L
rewind3_2_2_R	d	rewind3_2_2_R	d	L
rewind3_2_2_R	1	rewind3_2_2_R	1	L
rewind3_2_2_R	X	rewind3_2_2_R	X	L
rewind3_2_2_R	0	rewind3_2_2_R	0	L
rewind3_2_2_R	#	rewind3_2_2_R	#	L
rewind3_2_2_R	;	rewind3_2_2_R	;	L
rewind3_2_2_R	b	rewind3_2_2_R	b	L
rewind3_2_2_R	3	rewind3_2_2_R	3	L
rewind3_2_2_R	2	rewind3_2_2_R	2	L
rewind3_2_2_R	^	scanA_2_2_R	^	R
rewind3_2_3_L	c	rewind3_2_3_L	c	L
rewind3_2_3_L	a	rewind3_2_3_L	a	L
rewind3_2_3_L	R	rewind3_2_3_L	R	L
rewind3_2_3_L	A	rewind3_2_3_L	A	L
rewind3_2_3_L	L	rewind3_2_3_L	L	L
rewind3_2_3_L	,	rewind3_2_3_L	,	L
rewind3_2_3_L	d	rewind3_2_3_L	d	L
rewind3_2_3_L	1	rewind3_2_3_L	1	L
rewind3_2_3_L	X	rewind3_2_3_L	X	L
rewind3_2_3_L	0	rewind3_2_3_L	0	L
rewind3_2_3_L	#	rewind3_2_3_L	#	L
rewind3_2_3_L	;	rewind3_2_3_L	;	L
rewind3_2_3_L	b	rewind3_2_3_L	b	L
rewind3_2_3_L	3	rewind3_2_3_L	3	L
rewind3_2_3_L	2	rewind3_2_3_L	2	L
rewind3_2_3_L	^	scanA_2_3_L	^	R
rewind3_2_3_R	c	rewind3_2_3_R	c	L
rewind3_2_3_R	a	rewind3_2_3_R	a	L
rewind3_2_3_R	R	rewind3_2_3_R	R	L
rewind3_2_3_R	A	rewind3_2_3_R	A	L
rewind3_2_3_R	L	rewind3_2_3_R	L	L
rewind3_2_3_R	,	rewind3_2_3_R	,	L
rewind3_2_3_R	d	rewind3_2_3_R	d	L
rewind3_2_3_R	1	rewind3_2_3_R	1	L
rewind3_2_3_R	X	rewind3_2_3_R	X	L
rewind3_2_3_R	0	rewind3_2_3_R	0	L
rewind3_2_3_R	#	rewind3_2_3_R	#	L
rewind3_2_3_R	;	rewind3_2_3_R	;	L
rewind3_2_3_R	b	rewind3_2_3_R	b	L
rewind3_2_3_R	3	rewind3_2_3_R	3	L
rewind3_2_3_R	2	rewind3_2_3_R	2	L
rewind3_2_3_R	^	scanA_2_3_R	^	R
rewind3_3_0_L	c	rewind3_3_0_L	c	L
rewind3_3_0_L	a	rewind3_3_0_L	a	L
rewind3_3_0_L	R	rewind3_3_0_L	R	L
rewind3_3_0_L	A	rewind3_3_0_L	A	L
rewind3_3_0_L	L	rewind3_3_0_L	L	L
rewind3_3_0_L	,	rewind3_3_0_L	,	L
rewind3_3_0_L	d	rewind3_3_0_L	d	L
rewind3_3_0_L	1	rewind3_3_0_L	1	L
rewind3_3_0_L	X	rewind3_3_0_L	X	L
rewind3_3_0_L	0	rewind3_3_0_L	0	L
rewind3_3_0_L	#	rewind3_3_0_L	#	L
rewind3_3_0_L	;	rewind3_3_0_L	;	L
rewind3_3_0_L	b	rewind3_3_0_L	b	L
rewind3_3_0_L	3	rewind3_3_0_L	3	L
rewind3_3_0_L	2	rewind3_3_0_L	2	L
rewind3_3_0_L	^	scanA_3_0_L	^	R
rewind3_3_0_R	c	rewind3_3_0_R	c	L
rewind3_3_0_R	a	rewind3_3_0_R	a	L
rewind3_3_0_R	R	rewind3_3_0_R	R	L
rewind3_3_0_R	A	rewind3_3_0_R	A	L
rewind3_3_0_R	L	rewind3_3_0_R	L	L
rewind3_3_0_R	,	rewind3_3_0_R	,	L
rewind3_3_0_R	d	rewind3_3_0_R	d	L
rewind3_3_0_R	1	rewind3_3_0_R	1	L
rewind3_3_0_R	X	rewind3_3_0_R	X	L
rewind3_3_0_R	0	rewind3_3_0_R	0	L
rewind3_3_0_R	#	rewind3_3_0_R	#	L
rewind3_3_0_R	;	rewind3_3_0_R	;	L
rewind3_3_0_R	b	rewind3_3_0_R	b	L
rewind3_3_0_R	3	rewind3_3_0_R	3	L
rewind3_3_0_R	2	rewind3_3_0_R	2	L
rewind3_3_0_R	^	scanA_3_0_R	^	R
rewind3_3_1_L	c	rewind3_3_1_L	c	L
rewind3_3_1_L	a	rewind3_3_1_L	a	L
rewind3_3_1_L	R	rewind3_3_1_L	R	L
rewind3_3_1_L	A	rewind3_3_1_L	A	L
rewind3_3_1_L	L	rewind3_3_1_L	L	L
rewind3_3_1_L	,	rewind3_3_1_L	,	L
rewind3_3_1_L	d	rewind3_3_1_L	d	L
rewind3_3_1_L	1	rewind3_3_1_L	1	L
rewind3_3_1_L	X	rewind3_3_1_L	X	L
rewind3_3_1_L	0	rewind3_3_1_L	0	L
rewind3_3_1_L	#	rewind3_3_1_L	#	L
rewind3_3_1_L	;	rewind3_3_1_L	;	L
rewind3_3_1_L	b	rewind3_3_1_L	b	L
rewind3_3_1_L	3	rewind3_3_1_L	3	L
rewind3_3_1_L	2	rewind3_3_1_L	2	L
rewind3_3_1_L	^	scanA_3_1_L	^	R
rewind3_3_1_R	c	rewind3_3_1_R	c	L
rewind3_3_1_R	a	rewind3_3_1_R	a	L
rewind3_3_1_R	R	rewind3_3_1_R	R	L
rewind3_3_1_R	A	rewind3_3_1_R	A	L
rewind3_3_1_R	L	rewind3_3_1_R	L	L
rewind3_3_1_R	,	rewind3_3_1_R	,	L
rewind3_3_1_R	d	rewind3_3_1_R	d	L
rewind3_3_1_R	1	rewind3_3_1_R	1	L
rewind3_3_1_R	X	rewind3_3_1_R	X	L
rewind3_3_1_R	0	rewind3_3_1_R	0	L
rewind3_3_1_R	#	rewind3_3_1_R	#	L
rewind3_3_1_R	;	rewind3_3_1_R	;	L
rewind3_3_1_R	b	rewind3_3_1_R	b	L
rewind3_3_1_R	3	rewind3_3_1_R	3	L
rewind3_3_1_R	2	rewind3_3_1_R	2	L
rewind3_3_1_R	^	scanA_3_1_R	^	R
rewind3_3_2_L	c	rewind3_3_2_L	c	L
rewind3_3_2_L	a	rewind3_3_2_L	a	L
rewind3_3_2_L	R	rewind3_3_2_L	R	L
rewind3_3_2_L	A	rewind3_3_2_L	A	L
rewind3_3_2_L	L	rewind3_3_2_L	L	L
rewind3_3_2_L	,	rewind3_3_2_L	,	L
rewind3_3_2_L	d	rewind3_3_2_L	d	L
rewind3_3_2_L	1	rewind3_3_2_L	1	L
rewind3_3_2_L	X	rewind3_3_2_L	X	L
rewind3_3_2_L	0	rewind3_3_2_L	0	L
rewind3_3_2_L	#	rewind3_3_2_L	#	L
rewind3_3_2_L	;	rewind3_3_2_L	;	L
rewind3_3_2_L	b	rewind3_3_2_L	b	L
rewind3_3_2_L	3	rewind3_3_2_L	3	L
rewind3_3_2_L	2	rewind3_3_2_L	2	L
rewind3_3_2_L	^	scanA_3_2_L	^	R
rewind3_3_2_R	c	rewind3_3_2_R	c	L
rewind3_3_2_R	a	rewind3_3_2_R	a	L
rewind3_3_2_R	R	rewind3_3_2_R	R	L
rewind3_3_2_R	A	rewind3_3_2_R	A	L
rewind3_3_2_R	L	rewind3_3_2_R	L	L
rewind3_3_2_R	,	rewind3_3_2_R	,	L
rewind3_3_2_R	d	rewind3_3_2_R	d	L
rewind3_3_2_R	1	rewind3_3_2_R	1	L
rewind3_3_2_R	X	rewind3_3_2_R	X	L
rewind3_3_2_R	0	rewind3_3_2_R	0	L
rewind3_3_2_R	#	rewind3_3_2_R	#	L
rewind3_3_2_R	;	rewind3_3_2_R	;	L
rewind3_3_2_R	b	rewind3_3_2_R	b	L
rewind3_3_2_R	3	rewind3_3_2_R	3	L
rewind3_3_2_R	2	rewind3_3_2_R	2	L
rewind3_3_2_R	^	scanA_3_2_R	^	R
rewind3_3_3_L	c	rewind3_3_3_L	c	L
rewind3_3_3_L	a	rewind3_3_3_L	a	L
rewind3_3_3_L	R	rewind3_3_3_L	R	L
rewind3_3_3_L	A	rewind3_3_3_L	A	L
rewind3_3_3_L	L	rewind3_3_3_L	L	L
rewind3_3_3_L	,	rewind3_3_3_L	,	L
rewind3_3_3_L	d	rewind3_3_3_L	d	L
rewind3_3_3_L	1	rewind3_3_3_L	1	L
rewind3_3_3_L	X	rewind3_3_3_L	X	L
rewind3_3_3_L	0	rewind3_3_3_L	0	L
rewind3_3_3_L	#	rewind3_3_3_L	#	L
rewind3_3_3_L	;	rewind3_3_3_L	;	L
rewind3_3_3_L	b	rewind3_3_3_L	b	L
rewind3_3_3_L	3	rewind3_3_3_L	3	L
rewind3_3_3_L	2	rewind3_3_3_L	2	L
rewind3_3_3_L	^	scanA_3_3_L	^	R
rewind3_3_3_R	c	rewind3_3_3_R	c	L
rewind3_3_3_R	a	rewind3_3_3_R	a	L
rewind3_3_3_R	R	rewind3_3_3_R	R	L
rewind3_3_3_R	A	rewind3_3_3_R	A	L
rewind3_3_3_R	L	rewind3_3_3_R	L	L
rewind3_3_3_R	,	rewind3_3_3_R	,	L
rewind3_3_3_R	d	rewind3_3_3_R	d	L
rewind3_3_3_R	1	rewind3_3_3_R	1	L
rewind3_3_3_R	X	rewind3_3_3_R	X	L
rewind3_3_3_R	0	rewind3_3_3_R	0	L
rewind3_3_3_R	#	rewind3_3_3_R	#	L
rewind3_3_3_R	;	rewind3_3_3_R	;	L
rewind3_3_3_R	b	rewind3_3_3_R	b	L
rewind3_3_3_R	3	rewind3_3_3_R	3	L
rewind3_3_3_R	2	rewind3_3_3_R	2	L
rewind3_3_3_R	^	scanA_3_3_R	^	R
rewind3_A_0_L	c	rewind3_A_0_L	c	L
rewind3_A_0_L	a	rewind3_A_0_L	a	L
rewind3_A_0_L	R	rewind3_A_0_L	R	L
rewind3_A_0_L	A	rewind3_A_0_L	A	L
rewind3_A_0_L	L	rewind3_A_0_L	L	L
rewind3_A_0_L	,	rewind3_A_0_L	,	L
rewind3_A_0_L	d	rewind3_A_0_L	d	L
rewind3_A_0_L	1	rewind3_A_0_L	1	L
rewind3_A_0_L	X	rewind3_A_0_L	X	L
rewind3_A_0_L	0	rewind3_A_0_L	0	L
rewind3_A_0_L	#	rewind3_A_0_L	#	L
rewind3_A_0_L	;	rewind3_A_0_L	;	L
rewind3_A_0_L	b	rewind3_A_0_L	b	L
rewind3_A_0_L	3	rewind3_A_0_L	3	L
rewind3_A_0_L	2	rewind3_A_0_L	2	L
rewind3_A_0_L	^	scanA_A_0_L	^	R
rewind3_A_0_R	c	rewind3_A_0_R	c	L
rewind3_A_0_R	a	rewind3_A_0_R	a	L
rewind3_A_0_R	R	rewind3_A_0_R	R	L
rewind3_A_0_R	A	rewind3_A_0_R	A	L
rewind3_A_0_R	L	rewind3_A_0_R	L	L
rewind3_A_0_R	,	rewind3_A_0_R	,	L
rewind3_A_0_R	d	rewind3_A_0_R	d	L
rewind3_A_0_R	1	rewind3_A_0_R	1	L
rewind3_A_0_R	X	rewind3_A_0_R	X	L
rewind3_A_0_R	0	rewind3_A_0_R	0	L
rewind3_A_0_R	#	rewind3_A_0_R	#	L
rewind3_A_0_R	;	rewind3_A_0_R	;	L
rewind3_A_0_R	b	rewind3_A_0_R	b	L
rewind3_A_0_R	3	rewind3_A_0_R	3	L
rewind3_A_0_R	2	rewind3_A_0_R	2	L
rewind3_A_0_R	^	scanA_A_0_R	^	R
rewind3_A_1_L	c	rewind3_A_1_L	c	L
rewind3_A_1_L	a	rewind3_A_1_L	a	L
rewind3_A_1_L	R	rewind3_A_1_L	R	L
rewind3_A_1_L	A	rewind3_A_1_L	A	L
rewind3_A_1_L	L	rewind3_A_1_L	L	L
rewind3_A_1_L	,	rewind3_A_1_L	,	L
rewind3_A_1_L	d	rewind3_A_1_L	d	L
rewind3_A_1_L	1	rewind3_A_1_L	1	L
rewind3_A_1_L	X	rewind3_A_1_L	X	L
rewind3_A_1_L	0	rewind3_A_1_L	0	L
rewind3_A_1_L	#	rewind3_A_1_L	#	L
rewind3_A_1_L	;	rewind3_A_1_L	;	L
rewind3_A_1_L	b	rewind3_A_1_L	b	L
rewind3_A_1_L	3	rewind3_A_1_L	3	L
rewind3_A_1_L	2	rewind3_A_1_L	2	L
rewind3_A_1_L	^	scanA_A_1_L	^	R
rewind3_A_1_R	c	rewind3_A_1_R	c	L
rewind3_A_1_R	a	rewind3_A_1_R	a	L
rewind3_A_1_R	R	rewind3_A_1_R	R	L
rewind3_A_1_R	A	rewind3_A_1_R	A	L
rewind3_A_1_R	L	rewind3_A_1_R	L	L
rewind3_A_1_R	,	rewind3_A_1_R	,	L
rewind3_A_1_R	d	rewind3_A_1_R	d	L
rewind3_A_1_R	1	rewind3_A_1_R	1	L
rewind3_A_1_R	X	rewind3_A_1_R	X	L
rewind3_A_1_R	0	rewind3_A_1_R	0	L
rewind3_A_1_R	#	rewind3_A_1_R	#	L
rewind3_A_1_R	;	rewind3_A_1_R	;	L
rewind3_A_1_R	b	rewind3_A_1_R	b	L
rewind3_A_1_R	3	rewind3_A_1_R	3	L
rewind3_A_1_R	2	rewind3_A_1_R	2	L
rewind3_A_1_R	^	scanA_A_1_R	^	R
rewind3_A_2_L	c	rewind3_A_2_L	c	L
rewind3_A_2_L	a	rewind3_A_2_L	a	L
rewind3_A_2_L	R	rewind3_A_2_L	R	L
rewind3_A_2_L	A	rewind3_A_2_L	A	L
rewind3_A_2_L	L	rewind3_A_2_L	L	L
rewind3_A_2_L	,	rewind3_A_2_L	,	L
rewind3_A_2_L	d	rewind3_A_2_L	d	L
rewind3_A_2_L	1	rewind3_A_2_L	1	L
rewind3_A_2_L	X	rewind3_A_2_L	X	L
rewind3_A_2_L	0	rewind3_A_2_L	0	L
rewind3_A_2_L	#	rewind3_A_2_L	#	L
rewind3_A_2_L	;	rewind3_A_2_L	;	L
rewind3_A_2_L	b	rewind3_A_2_L	b	L
rewind3_A_2_L	3	rewind3_A_2_L	3	L
rewind3_A_2_L	2	rewind3_A_2_L	2	L
rewind3_A_2_L	^	scanA_A_2_L	^	R
rewind3_A_2_R	c	rewind3_A_2_R	c	L
rewind3_A_2_R	a	rewind3_A_2_R	a	L
rewind3_A_2_R	R	rewind3_A_2_R	R	L
rewind3_A_2_R	A	rewind3_A_2_R	A	L
rewind3_A_2_R	L	rewind3_A_2_R	L	L
rewind3_A_2_R	,	rewind3_A_2_R	,	L
rewind3_A_2_R	d	rewind3_A_2_R	d	L
rewind3_A_2_R	1	rewind3_A_2_R	1	L
rewind3_A_2_R	X	rewind3_A_2_R	X	L
rewind3_A_2_R	0	rewind3_A_2_R	0	L
rewind3_A_2_R	#	rewind3_A_2_R	#	L
rewind3_A_2_R	;	rewind3_A_2_R	;	L
rewind3_A_2_R	b	rewind3_A_2_R	b	L
rewind3_A_2_R	3	rewind3_A_2_R	3	L
rewind3_A_2_R	2	rewind3_A_2_R	2	L
rewind3_A_2_R	^	scanA_A_2_R	^	R
rewind3_A_3_L	c	rewind3_A_3_L	c	L
rewind3_A_3_L	a	rewind3_A_3_L	a	L
rewind3_A_3_L	R	rewind3_A_3_L	R	L
rewind3_A_3_L	A	rewind3_A_3_L	A	L
rewind3_A_3_L	L	rewind3_A_3_L	L	L
rewind3_A_3_L	,	rewind3_A_3_L	,	L
rewind3_A_3_L	d	rewind3_A_3_L	d	L
rewind3_A_3_L	1	rewind3_A_3_L	1	L
rewind3_A_3_L	X	rewind3_A_3_L	X	L
rewind3_A_3_L	0	rewind3_A_3_L	0	L
rewind3_A_3_L	#	rewind3_A_3_L	#	L
rewind3_A_3_L	;	rewind3_A_3_L	;	L
rewind3_A_3_L	b	rewind3_A_3_L	b	L
rewind3_A_3_L	3	rewind3_A_3_L	3	L
rewind3_A_3_L	2	rewind3_A_3_L	2	L
rewind3_A_3_L	^	scanA_A_3_L	^	R
rewind3_A_3_R	c	rewind3_A_3_R	c	L
rewind3_A_3_R	a	rewind3_A_3_R	a	L
rewind3_A_3_R	R	rewind3_A_3_R	R	L
rewind3_A_3_R	A	rewind3_A_3_R	A	L
rewind3_A_3_R	L	rewind3_A_3_R	L	L
rewind3_A_3_R	,	rewind3_A_3_R	,	L
rewind3_A_3_R	d	rewind3_A_3_R	d	L
rewind3_A_3_R	1	rewind3_A_3_R	1	L
rewind3_A_3_R	X	rewind3_A_3_R	X	L
rewind3_A_3_R	0	rewind3_A_3_R	0	L
rewind3_A_3_R	#	rewind3_A_3_R	#	L
rewind3_A_3_R	;	rewind3_A_3_R	;	L
rewind3_A_3_R	b	rewind3_A_3_R	b	L
rewind3_A_3_R	3	rewind3_A_3_R	3	L
rewind3_A_3_R	2	rewind3_A_3_R	2	L
rewind3_A_3_R	^	scanA_A_3_R	^	R
rewind3_X_0_L	c	rewind3_X_0_L	c	L
rewind3_X_0_L	a	rewind3_X_0_L	a	L
rewind3_X_0_L	R	rewind3_X_0_L	R	L
rewind3_X_0_L	A	rewind3_X_0_L	A	L
rewind3_X_0_L	L	rewind3_X_0_L	L	L
rewind3_X_0_L	,	rewind3_X_0_L	,	L
rewind3_X_0_L	d	rewind3_X_0_L	d	L
rewind3_X_0_L	1	rewind3_X_0_L	1	L
rewind3_X_0_L	X	rewind3_X_0_L	X	L
rewind3_X_0_L	0	rewind3_X_0_L	0	L
rewind3_X_0_L	#	rewind3_X_0_L	#	L
rewind3_X_0_L	;	rewind3_X_0_L	;	L
rewind3_X_0_L	b	rewind3_X_0_L	b	L
rewind3_X_0_L	3	rewind3_X_0_L	3	L
rewind3_X_0_L	2	rewind3_X_0_L	2	L
rewind3_X_0_L	^	scanA_X_0_L	^	R
rewind3_X_0_R	c	rewind3_X_0_R	c	L
rewind3_X_0_R	a	rewind3_X_0_R	a	L
rewind3_X_0_R	R	rewind3_X_0_R	R	L
rewind3_X_0_R	A	rewind3_X_0_R	A	L
rewind3_X_0_R	L	rewind3_X_0_R	L	L
rewind3_X_0_R	,	rewind3_X_0_R	,	L
rewind3_X_0_R	d	rewind3_X_0_R	d	L
rewind3_X_0_R	1	rewind3_X_0_R	1	L
rewind3_X_0_R	X	rewind3_X_0_R	X	L
rewind3_X_0_R	0	rewind3_X_0_R	0	L
rewind3_X_0_R	#	rewind3_X_0_R	#	L
rewind3_X_0_R	;	rewind3_X_0_R	;	L
rewind3_X_0_R	b	rewind3_X_0_R	b	L
rewind3_X_0_R	3	rewind3_X_0_R	3	L
rewind3_X_0_R	2	rewind3_X_0_R	2	L
rewind3_X_0_R	^	scanA_X_0_R	^	R
rewind3_X_1_L	c	rewind3_X_1_L	c	L
rewind3_X_1_L	a	rewind3_X_1_L	a	L
rewind3_X_1_L	R	rewind3_X_1_L	R	L
rewind3_X_1_L	A	rewind3_X_1_L	A	L
rewind3_X_1_L	L	rewind3_X_1_L	L	L
rewind3_X_1_L	,	rewind3_X_1_L	,	L
rewind3_X_1_L	d	rewind3_X_1_L	d	L
rewind3_X_1_L	1	rewind3_X_1_L	1	L
rewind3_X_1_L	X	rewind3_X_1_L	X	L
rewind3_X_1_L	0	rewind3_X_1_L	0	L
rewind3_X_1_L	#	rewind3_X_1_L	#	L
rewind3_X_1_L	;	rewind3_X_1_L	;	L
rewind3_X_1_L	b	rewind3_X_1_L	b	L
rewind3_X_1_L	3	rewind3_X_1_L	3	L
rewind3_X_1_L	2	rewind3_X_1_L	2	L
rewind3_X_1_L	^	scanA_X_1_L	^	R
rewind3_X_1_R	c	rewind3_X_1_R	c	L
rewind3_X_1_R	a	rewind3_X_1_R	a	L
rewind3_X_1_R	R	rewind3_X_1_R	R	L
rewind3_X_1_R	A	rewind3_X_1_R	A	L
rewind3_X_1_R	L	rewind3_X_1_R	L	L
rewind3_X_1_R	,	rewind3_X_1_R	,	L
rewind3_X_1_R	d	rewind3_X_1_R	d	L
rewind3_X_1_R	1	rewind3_X_1_R	1	L
rewind3_X_1_R	X	rewind3_X_1_R	X	L
rewind3_X_1_R	0	rewind3_X_1_R	0	L
rewind3_X_1_R	#	rewind3_X_1_R	#	L
rewind3_X_1_R	;	rewind3_X_1_R	;	L
rewind3_X_1_R	b	rewind3_X_1_R	b	L
rewind3_X_1_R	3	rewind3_X_1_R	3	L
rewind3_X_1_R	2	rewind3_X_1_R	2	L
rewind3_X_1_R	^	scanA_X_1_R	^	R
rewind3_X_2_L	c	rewind3_X_2_L	c	L
rewind3_X_2_L	a	rewind3_X_2_L	a	L
rewind3_X_2_L	R	rewind3_X_2_L	R	L
rewind3_X_2_L	A	rewind3_X_2_L	A	L
rewind3_X_2_L	L	rewind3_X_2_L	L	L
rewind3_X_2_L	,	rewind3_X_2_L	,	L
rewind3_X_2_L	d	rewind3_X_2_L	d	L
rewind3_X_2_L	1	rewind3_X_2_L	1	L
rewind3_X_2_L	X	rewind3_X_2_L	X	L
rewind3_X_2_L	0	rewind3_X_2_L	0	L
rewind3_X_2_L	#	rewind3_X_2_L	#	L
rewind3_X_2_L	;	rewind3_X_2_L	;	L
rewind3_X_2_L	b	rewind3_X_2_L	b	L
rewind3_X_2_L	3	rewind3_X_2_L	3	L
rewind3_X_2_L	2	rewind3_X_2_L	2	L
rewind3_X_2_L	^	scanA_X_2_L	^	R
rewind3_X_2_R	c	rewind3_X_2_R	c	L
rewind3_X_2_R	a	rewind3_X_2_R	a	L
rewind3_X_2_R	R	rewind3_X_2_R	R	L
rewind3_X_2_R	A	rewind3_X_2_R	A	L
rewind3_X_2_R	L	rewind3_X_2_R	L	L
rewind3_X_2_R	,	rewind3_X_2_R	,	L
rewind3_X_2_R	d	rewind3_X_2_R	d	L
rewind3_X_2_R	1	rewind3_X_2_R	1	L
rewind3_X_2_R	X	rewind3_X_2_R	X	L
rewind3_X_2_R	0	rewind3_X_2_R	0	L
rewind3_X_2_R	#	rewind3_X_2_R	#	L
rewind3_X_2_R	;	rewind3_X_2_R	;	L
rewind3_X_2_R	b	rewind3_X_2_R	b	L
rewind3_X_2_R	3	rewind3_X_2_R	3	L
rewind3_X_2_R	2	rewind3_X_2_R	2	L
rewind3_X_2_R	^	scanA_X_2_R	^	R
rewind3_X_3_L	c	rewind3_X_3_L	c	L
rewind3_X_3_L	a	rewind3_X_3_L	a	L
rewind3_X_3_L	R	rewind3_X_3_L	R	L
rewind3_X_3_L	A	rewind3_X_3_L	A	L
rewind3_X_3_L	L	rewind3_X_3_L	L	L
rewind3_X_3_L	,	rewind3_X_3_L	,	L
rewind3_X_3_L	d	rewind3_X_3_L	d	L
rewind3_X_3_L	1	rewind3_X_3_L	1	L
rewind3_X_3_L	X	rewind3_X_3_L	X	L
rewind3_X_3_L	0	rewind3_X_3_L	0	L
rewind3_X_3_L	#	rewind3_X_3_L	#	L
rewind3_X_3_L	;	rewind3_X_3_L	;	L
rewind3_X_3_L	b	rewind3_X_3_L	b	L
rewind3_X_3_L	3	rewind3_X_3_L	3	L
rewind3_X_3_L	2	rewind3_X_3_L	2	L
rewind3_X_3_L	^	scanA_X_3_L	^	R
rewind3_X_3_R	c	rewind3_X_3_R	c	L
rewind3_X_3_R	a	rewind3_X_3_R	a	L
rewind3_X_3_R	R	rewind3_X_3_R	R	L
rewind3_X_3_R	A	rewind3_X_3_R	A	L
rewind3_X_3_R	L	rewind3_X_3_R	L	L
rewind3_X_3_R	,	rewind3_X_3_R	,	L
rewind3_X_3_R	d	rewind3_X_3_R	d	L
rewind3_X_3_R	1	rewind3_X_3_R	1	L
rewind3_X_3_R	X	rewind3_X_3_R	X	L
rewind3_X_3_R	0	rewind3_X_3_R	0	L
rewind3_X_3_R	#	rewind3_X_3_R	#	L
rewind3_X_3_R	;	rewind3_X_3_R	;	L
rewind3_X_3_R	b	rewind3_X_3_R	b	L
rewind3_X_3_R	3	rewind3_X_3_R	3	L
rewind3_X_3_R	2	rewind3_X_3_R	2	L
rewind3_X_3_R	^	scanA_X_3_R	^	R
scanA_0_0_L	R	scanA_0_0_L	R	R
scanA_0_0_L	A	scanA_0_0_L	A	R
scanA_0_0_L	L	scanA_0_0_L	L	R
scanA_0_0_L	,	scanA_0_0_L	,	R
scanA_0_0_L	1	scanA_0_0_L	1	R
scanA_0_0_L	X	scanA_0_0_L	X	R
scanA_0_0_L	0	scanA_0_0_L	0	R
scanA_0_0_L	;	scanA_0_0_L	;	R
scanA_0_0_L	3	scanA_0_0_L	3	R
scanA_0_0_L	2	scanA_0_0_L	2	R
scanA_0_0_L	#	tapescan_0_0_L	#	R
scanA_0_0_R	R	scanA_0_0_R	R	R
scanA_0_0_R	A	scanA_0_0_R	A	R
scanA_0_0_R	L	scanA_0_0_R	L	R
scanA_0_0_R	,	scanA_0_0_R	,	R
scanA_0_0_R	1	scanA_0_0_R	1	R
scanA_0_0_R	X	scanA_0_0_R	X	R
scanA_0_0_R	0	scanA_0_0_R	0	R
scanA_0_0_R	;	scanA_0_0_R	;	R
scanA_0_0_R	3	scanA_0_0_R	3	R
scanA_0_0_R	2	scanA_0_0_R	2	R
scanA_0_0_R	#	tapescan_0_0_R	#	R
scanA_0_1_L	R	scanA_0_1_L	R	R
scanA_0_1_L	A	scanA_0_1_L	A	R
scanA_0_1_L	L	scanA_0_1_L	L	R
scanA_0_1_L	,	scanA_0_1_L	,	R
scanA_0_1_L	1	scanA_0_1_L	1	R
scanA_0_1_L	X	scanA_0_1_L	X	R
scanA_0_1_L	0	scanA_0_1_L	0	R
scanA_0_1_L	;	scanA_0_1_L	;	R
scanA_0_1_L	3	scanA_0_1_L	3	R
scanA_0_1_L	2	scanA_0_1_L	2	R
scanA_0_1_L	#	tapescan_0_1_L	#	R
scanA_0_1_R	R	scanA_0_1_R	R	R
scanA_0_1_R	A	scanA_0_1_R	A	R
scanA_0_1_R	L	scanA_0_1_R	L	R
scanA_0_1_R	,	scanA_0_1_R	,	R
scanA_0_1_R	1	scanA_0_1_R	1	R
scanA_0_1_R	X	scanA_0_1_R	X	R
scanA_0_1_R	0	scanA_0_1_R	0	R
scanA_0_1_R	;	scanA_0_1_R	;	R
scanA_0_1_R	3	scanA_0_1_R	3	R
scanA_0_1_R	2	scanA_0_1_R	2	R
scanA_0_1_R	#	tapescan_0_1_R	#	R
scanA_0_2_L	R	scanA_0_2_L	R	R
scanA_0_2_L	A	scanA_0_2_L	A	R
scanA_0_2_L	L	scanA_0_2_L	L	R
scanA_0_2_L	,	scanA_0_2_L	,	R
scanA_0_2_L	1	scanA_0_2_L	1	R
scanA_0_2_L	X	scanA_0_2_L	X	R
scanA_0_2_L	0	scanA_0_2_L	0	R
scanA_0_2_L	;	scanA_0_2_L	;	R
scanA_0_2_L	3	scanA_0_2_L	3	R
scanA_0_2_L	2	scanA_0_2_L	2	R
scanA_0_2_L	#	tapescan_0_2_L	#	R
scanA_0_2_R	R	scanA_0_2_R	R	R
scanA_0_2_R	A	scanA_0_2_R	A	R
scanA_0_2_R	L	scanA_0_2_R	L	R
scanA_0_2_R	,	scanA_0_2_R	,	R
scanA_0_2_R	1	scanA_0_2_R	1	R
scanA_0_2_R	X	scanA_0_2_R	X	R
scanA_0_2_R	0	scanA_0_2_R	0	R
scanA_0_2_R	;	scanA_0_2_R	;	R
scanA_0_2_R	3	scanA_0_2_R	3	R
scanA_0_2_R	2	scanA_0_2_R	2	R
scanA_0_2_R	#	tapescan_0_2_R	#	R
scanA_0_3_L	R	scanA_0_3_L	R	R
scanA_0_3_L	A	scanA_0_3_L	A	R
scanA_0_3_L	L	scanA_0_3_L	L	R
scanA_0_3_L	,	scanA_0_3_L	,	R
scanA_0_3_L	1	scanA_0_3_L	1	R
scanA_0_3_L	X	scanA_0_3_L	X	R
scanA_0_3_L	0	scanA_0_3_L	0	R
scanA_0_3_L	;	scanA_0_3_L	;	R
scanA_0_3_L	3	scanA_0_3_L	3	R
scanA_0_3_L	2	scanA_0_3_L	2	R
scanA_0_3_L	#	tapescan_0_3_L	#	R
scanA_0_3_R	R	scanA_0_3_R	R	R
scanA_0_3_R	A	scanA_0_3_R	A	R
scanA_0_3_R	L	scanA_0_3_R	L	R
scanA_0_3_R	,	scanA_0_3_R	,	R
scanA_0_3_R	1	scanA_0_3_R	1	R
scanA_0_3_R	X	scanA_0_3_R	X	R
scanA_0_3_R	0	scanA_0_3_R	0	R
scanA_0_3_R	;	scanA_0_3_R	;	R
scanA_0_3_R	3	scanA_0_3_R	3	R
scanA_0_3_R	2	scanA_0_3_R	2	R
scanA_0_3_R	#	tapescan_0_3_R	#	R
scanA_1_0_L	R	scanA_1_0_L	R	R
scanA_1_0_L	A	scanA_1_0_L	A	R
scanA_1_0_L	L	scanA_1_0_L	L	R
scanA_1_0_L	,	scanA_1_0_L	,	R
scanA_1_0_L	1	scanA_1_0_L	1	R
scanA_1_0_L	X	scanA_1_0_L	X	R
scanA_1_0_L	0	scanA_1_0_L	0	R
scanA_1_0_L	;	scanA_1_0_L	;	R
scanA_1_0_L	3	scanA_1_0_L	3	R
scanA_1_0_L	2	scanA_1_0_L	2	R
scanA_1_0_L	#	tapescan_1_0_L	#	R
scanA_1_0_R	R	scanA_1_0_R	R	R
scanA_1_0_R	A	scanA_1_0_R	A	R
scanA_1_0_R	L	scanA_1_0_R	L	R
scanA_1_0_R	,	scanA_1_0_R	,	R
scanA_1_0_R	1	scanA_1_0_R	1	R
scanA_1_0_R	X	scanA_1_0_R	X	R
scanA_1_0_R	0	scanA_1_0_R	0	R
scanA_1_0_R	;	scanA_1_0_R	;	R
scanA_1_0_R	3	scanA_1_0_R	3	R
scanA_1_0_R	2	scanA_1_0_R	2	R
scanA_1_0_R	#	tapescan_1_0_R	#	R
scanA_1_1_L	R	scanA_1_1_L	R	R
scanA_1_1_L	A	scanA_1_1_L	A	R
scanA_1_1_L	L	scanA_1_1_L	L	R
scanA_1_1_L	,	scanA_1_1_L	,	R
scanA_1_1_L	1	scanA_1_1_L	1	R
scanA_1_1_L	X	scanA_1_1_L	X	R
scanA_1_1_L	0	scanA_1_1_L	0	R
scanA_1_1_L	;	scanA_1_1_L	;	R
scanA_1_1_L	3	scanA_1_1_L	3	R
scanA_1_1_L	2	scanA_1_1_L	2	R
scanA_1_1_L	#	tapescan_1_1_L	#	R
scanA_1_1_R	R	scanA_1_1_R	R	R
scanA_1_1_R	A	scanA_1_1_R	A	R
scanA_1_1_R	L	scanA_1_1_R	L	R
scanA_1_1_R	,	scanA_1_1_R	,	R
scanA_1_1_R	1	scanA_1_1_R	1	R
scanA_1_1_R	X	scanA_1_1_R	X	R
scanA_1_1_R	0	scanA_1_1_R	0	R
scanA_1_1_R	;	scanA_1_1_R	;	R
scanA_1_1_R	3	scanA_1_1_R	3	R
scanA_1_1_R	2	scanA_1_1_R	2	R
scanA_1_1_R	#	tapescan_1_1_R	#	R
scanA_1_2_L	R	scanA_1_2_L	R	R
scanA_1_2_L	A	scanA_1_2_L	A	R
scanA_1_2_L	L	scanA_1_2_L	L	R
scanA_1_2_L	,	scanA_1_2_L	,	R
scanA_1_2_L	1	scanA_1_2_L	1	R
scanA_1_2_L	X	scanA_1_2_L	X	R
scanA_1_2_L	0	scanA_1_2_L	0	R
scanA_1_2_L	;	scanA_1_2_L	;	R
scanA_1_2_L	3	scanA_1_2_L	3	R
scanA_1_2_L	2	scanA_1_2_L	2	R
scanA_1_2_L	#	tapescan_1_2_L	#	R
scanA_1_2_R	R	scanA_1_2_R	R	R
scanA_1_2_R	A	scanA_1_2_R	A	R
scanA_1_2_R	L	scanA_1_2_R	L	R
scanA_1_2_R	,	scanA_1_2_R	,	R
scanA_1_2_R	1	scanA_1_2_R	1	R
scanA_1_2_R	X	scanA_1_2_R	X	R
scanA_1_2_R	0	scanA_1_2_R	0	R
scanA_1_2_R	;	scanA_1_2_R	;	R
scanA_1_2_R	3	scanA_1_2_R	3	R
scanA_1_2_R	2	scanA_1_2_R	2	R
scanA_1_2_R	#	tapescan_1_2_R	#	R
scanA_1_3_L	R	scanA_1_3_L	R	R
scanA_1_3_L	A	scanA_1_3_L	A	R
scanA_1_3_L	L	scanA_1_3_L	L	R
scanA_1_3_L	,	scanA_1_3_L	,	R
scanA_1_3_L	1	scanA_1_3_L	1	R
scanA_1_3_L	X	scanA_1_3_L	X	R
scanA_1_3_L	0	scanA_1_3_L	0	R
scanA_1_3_L	;	scanA_1_3_L	;	R
scanA_1_3_L	3	scanA_1_3_L	3	R
scanA_1_3_L	2	scanA_1_3_L	2	R
scanA_1_3_L	#	tapescan_1_3_L	#	R
scanA_1_3_R	R	scanA_1_3_R	R	R
scanA_1_3_R	A	scanA_1_3_R	A	R
scanA_1_3_R	L	scanA_1_3_R	L	R
scanA_1_3_R	,	scanA_1_3_R	,	R
scanA_1_3_R	1	scanA_1_3_R	1	R
scanA_1_3_R	X	scanA_1_3_R	X	R
scanA_1_3_R	0	scanA_1_3_R	0	R
scanA_1_3_R	;	scanA_1_3_R	;	R
scanA_1_3_R	3	scanA_1_3_R	3	R
scanA_1_3_R	2	scanA_1_3_R	2	R
scanA_1_3_R	#	tapescan_1_3_R	#	R
scanA_2_0_L	R	scanA_2_0_L	R	R
scanA_2_0_L	A	scanA_2_0_L	A	R
scanA_2_0_L	L	scanA_2_0_L	L	R
scanA_2_0_L	,	scanA_2_0_L	,	R
scanA_2_0_L	1	scanA_2_0_L	1	R
scanA_2_0_L	X	scanA_2_0_L	X	R
scanA_2_0_L	0	scanA_2_0_L	0	R
scanA_2_0_L	;	scanA_2_0_L	;	R
scanA_2_0_L	3	scanA_2_0_L	3	R
scanA_2_0_L	2	scanA_2_0_L	2	R
scanA_2_0_L	#	tapescan_2_0_L	#	R
scanA_2_0_R	R	scanA_2_0_R	R	R
scanA_2_0_R	A	scanA_2_0_R	A	R
scanA_2_0_R	L	scanA_2_0_R	L	R
scanA_2_0_R	,	scanA_2_0_R	,	R
scanA_2_0_R	1	scanA_2_0_R	1	R
scanA_2_0_R	X	scanA_2_0_R	X	R
scanA_2_0_R	0	scanA_2_0_R	0	R
scanA_2_0_R	;	scanA_2_0_R	;	R
scanA_2_0_R	3	scanA_2_0_R	3	R
scanA_2_0_R	2	scanA_2_0_R	2	R
scanA_2_0_R	#	tapescan_2_0_R	#	R
scanA_2_1_L	R	scanA_2_1_L	R	R
scanA_2_1_L	A	scanA_2_1_L	A	R
scanA_2_1_L	L	scanA_2_1_L	L	R
scanA_2_1_L	,	scanA_2_1_L	,	R
scanA_2_1_L	1	scanA_2_1_L	1	R
scanA_2_1_L	X	scanA_2_1_L	X	R
scanA_2_1_L	0	scanA_2_1_L	0	R
scanA_2_1_L	;	scanA_2_1_L	;	R
scanA_2_1_L	3	scanA_2_1_L	3	R
scanA_2_1_L	2	scanA_2_1_L	2	R
scanA_2_1_L	#	tapescan_2_1_L	#	R
scanA_2_1_R	R	scanA_2_1_R	R	R
scanA_2_1_R	A	scanA_2_1_R	A	R
scanA_2_1_R	L	scanA_2_1_R	L	R
scanA_2_1_R	,	scanA_2_1_R	,	R
scanA_2_1_R	1	scanA_2_1_R	1	R
scanA_2_1_R	X	scanA_2_1_R	X	R
scanA_2_1_R	0	scanA_2_1_R	0	R
scanA_2_1_R	;	scanA_2_1_R	;	R
scanA_2_1_R	3	scanA_2_1_R	3	R
scanA_2_1_R	2	scanA_2_1_R	2	R
scanA_2_1_R	#	tapescan_2_1_R	#	R
scanA_2_2_L	R	scanA_2_2_L	R	R
scanA_2_2_L	A	scanA_2_2_L	A	R
scanA_2_2_L	L	scanA_2_2_L	L	R
scanA_2_2_L	,	scanA_2_2_L	,	R
scanA_2_2_L	1	scanA_2_2_L	1	R
scanA_2_2_L	X	scanA_2_2_L	X	R
scanA_2_2_L	0	scanA_2_2_L	0	R
scanA_2_2_L	;	scanA_2_2_L	;	R
scanA_2_2_L	3	scanA_2_2_L	3	R
scanA_2_2_L	2	scanA_2_2_L	2	R
scanA_2_2_L	#	tapescan_2_2_L	#	R
scanA_2_2_R	R	scanA_2_2_R	R	R
scanA_2_2_R	A	scanA_2_2_R	A	R
scanA_2_2_R	L	scanA_2_2_R	L	R
scanA_2_2_R	,	scanA_2_2_R	,	R
scanA_2_2_R	1	scanA_2_2_R	1	R
scanA_2_2_R	X	scanA_2_2_R	X	R
scanA_2_2_R	0	scanA_2_2_R	0	R
scanA_2_2_R	;	scanA_2_2_R	;	R
scanA_2_2_R	3	scanA_2_2_R	3	R
scanA_2_2_R	2	scanA_2_2_R	2	R
scanA_2_2_R	#	tapescan_2_2_R	#	R
scanA_2_3_L	R	scanA_2_3_L	R	R
scanA_2_3_L	A	scanA_2_3_L	A	R
scanA_2_3_L	L	scanA_2_3_L	L	R
scanA_2_3_L	,	scanA_2_3_L	,	R
scanA_2_3_L	1	scanA_2_3_L	1	R
scanA_2_3_L	X	scanA_2_3_L	X	R
scanA_2_3_L	0	scanA_2_3_L	0	R
scanA_2_3_L	;	scanA_2_3_L	;	R
scanA_2_3_L	3	scanA_2_3_L	3	R
scanA_2_3_L	2	scanA_2_3_L	2	R
scanA_2_3_L	#	tapescan_2_3_L	#	R
scanA_2_3_R	R	scanA_2_3_R	R	R
scanA_2_3_R	A	scanA_2_3_R	A	R
scanA_2_3_R	L	scanA_2_3_R	L	R
scanA_2_3_R	,	scanA_2_3_R	,	R
scanA_2_3_R	1	scanA_2_3_R	1	R
scanA_2_3_R	X	scanA_2_3_R	X	R
scanA_2_3_R	0	scanA_2_3_R	0	R
scanA_2_3_R	;	scanA_2_3_R	;	R
scanA_2_3_R	3	scanA_2_3_R	3	R
scanA_2_3_R	2	scanA_2_3_R	2	R
scanA_2_3_R	#	tapescan_2_3_R	#	R
scanA_3_0_L	R	scanA_3_0_L	R	R
scanA_3_0_L	A	scanA_3_0_L	A	R
scanA_3_0_L	L	scanA_3_0_L	L	R
scanA_3_0_L	,	scanA_3_0_L	,	R
scanA_3_0_L	1	scanA_3_0_L	1	R
scanA_3_0_L	X	scanA_3_0_L	X	R
scanA_3_0_L	0	scanA_3_0_L	0	R
scanA_3_0_L	;	scanA_3_0_L	;	R
scanA_3_0_L	3	scanA_3_0_L	3	R
scanA_3_0_L	2	scanA_3_0_L	2	R
scanA_3_0_L	#	tapescan_3_0_L	#	R
scanA_3_0_R	R	scanA_3_0_R	R	R
scanA_3_0_R	A	scanA_3_0_R	A	R
scanA_3_0_R	L	scanA_3_0_R	L	R
scanA_3_0_R	,	scanA_3_0_R	,	R
scanA_3_0_R	1	scanA_3_0_R	1	R
scanA_3_0_R	X	scanA_3_0_R	X	R
scanA_3_0_R	0	scanA_3_0_R	0	R
scanA_3_0_R	;	scanA_3_0_R	;	R
scanA_3_0_R	3	scanA_3_0_R	3	R
scanA_3_0_R	2	scanA_3_0_R	2	R
scanA_3_0_R	#	tapescan_3_0_R	#	R
scanA_3_1_L	R	scanA_3_1_L	R	R
scanA_3_1_L	A	scanA_3_1_L	A	R
scanA_3_1_L	L	scanA_3_1_L	L	R
scanA_3_1_L	,	scanA_3_1_L	,	R
scanA_3_1_L	1	scanA_3_1_L	1	R
scanA_3_1_L	X	scanA_3_1_L	X	R
scanA_3_1_L	0	scanA_3_1_L	0	R
scanA_3_1_L	;	scanA_3_1_L	;	R
scanA_3_1_L	3	scanA_3_1_L	3	R
scanA_3_1_L	2	scanA_3_1_L	2	R
scanA_3_1_L	#	tapescan_3_1_L	#	R
scanA_3_1_R	R	scanA_3_1_R	R	R
scanA_3_1_R	A	scanA_3_1_R	A	R
scanA_3_1_R	L	scanA_3_1_R	L	R
scanA_3_1_R	,	scanA_3_1_R	,	R
scanA_3_1_R	1	scanA_3_1_R	1	R
scanA_3_1_R	X	scanA_3_1_R	X	R
scanA_3_1_R	0	scanA_3_1_R	0	R
scanA_3_1_R	;	scanA_3_1_R	;	R
scanA_3_1_R	3	scanA_3_1_R	3	R
scanA_3_1_R	2	scanA_3_1_R	2	R
scanA_3_1_R	#	tapescan_3_1_R	#	R
scanA_3_2_L	R	scanA_3_2_L	R	R
scanA_3_2_L	A	scanA_3_2_L	A	R
scanA_3_2_L	L	scanA_3_2_L	L	R
scanA_3_2_L	,	scanA_3_2_L	,	R
scanA_3_2_L	1	scanA_3_2_L	1	R
scanA_3_2_L	X	scanA_3_2_L	X	R
scanA_3_2_L	0	scanA_3_2_L	0	R
scanA_3_2_L	;	scanA_3_2_L	;	R
scanA_3_2_L	3	scanA_3_2_L	3	R
scanA_3_2_L	2	scanA_3_2_L	2	R
scanA_3_2_L	#	tapescan_3_2_L	#	R
scanA_3_2_R	R	scanA_3_2_R	R	R
scanA_3_2_R	A	scanA_3_2_R	A	R
scanA_3_2_R	L	scanA_3_2_R	L	R
scanA_3_2_R	,	scanA_3_2_R	,	R
scanA_3_2_R	1	scanA_3_2_R	1	R
scanA_3_2_R	X	scanA_3_2_R	X	R
scanA_3_2_R	0	scanA_3_2_R	0	R
scanA_3_2_R	;	scanA_3_2_R	;	R
scanA_3_2_R	3	scanA_3_2_R	3	R
scanA_3_2_R	2	scanA_3_2_R	2	R
scanA_3_2_R	#	tapescan_3_2_R	#	R
scanA_3_3_L	R	scanA_3_3_L	R	R
scanA_3_3_L	A	scanA_3_3_L	A	R
scanA_3_3_L	L	scanA_3_3_L	L	R
scanA_3_3_L	,	scanA_3_3_L	,	R
scanA_3_3_L	1	scanA_3_3_L	1	R
scanA_3_3_L	X	scanA_3_3_L	X	R
scanA_3_3_L	0	scanA_3_3_L	0	R
scanA_3_3_L	;	scanA_3_3_L	;	R
scanA_3_3_L	3	scanA_3_3_L	3	R
scanA_3_3_L	2	scanA_3_3_L	2	R
scanA_3_3_L	#	tapescan_3_3_L	#	R
scanA_3_3_R	R	scanA_3_3_R	R	R
scanA_3_3_R	A	scanA_3_3_R	A	R
scanA_3_3_R	L	scanA_3_3_R	L	R
scanA_3_3_R	,	scanA_3_3_R	,	R
scanA_3_3_R	1	scanA_3_3_R	1	R
scanA_3_3_R	X	scanA_3_3_R	X	R
scanA_3_3_R	0	scanA_3_3_R	0	R
scanA_3_3_R	;	scanA_3_3_R	;	R
scanA_3_3_R	3	scanA_3_3_R	3	R
scanA_3_3_R	2	scanA_3_3_R	2	R
scanA_3_3_R	#	tapescan_3_3_R	#	R
scanA_A_0_L	R	scanA_A_0_L	R	R
scanA_A_0_L	A	scanA_A_0_L	A	R
scanA_A_0_L	L	scanA_A_0_L	L	R
scanA_A_0_L	,	scanA_A_0_L	,	R
scanA_A_0_L	1	scanA_A_0_L	1	R
scanA_A_0_L	X	scanA_A_0_L	X	R
scanA_A_0_L	0	scanA_A_0_L	0	R
scanA_A_0_L	;	scanA_A_0_L	;	R
scanA_A_0_L	3	scanA_A_0_L	3	R
scanA_A_0_L	2	scanA_A_0_L	2	R
scanA_A_0_L	#	tapescan_A_0_L	#	R
scanA_A_0_R	R	scanA_A_0_R	R	R
scanA_A_0_R	A	scanA_A_0_R	A	R
scanA_A_0_R	L	scanA_A_0_R	L	R
scanA_A_0_R	,	scanA_A_0_R	,	R
scanA_A_0_R	1	scanA_A_0_R	1	R
scanA_A_0_R	X	scanA_A_0_R	X	R
scanA_A_0_R	0	scanA_A_0_R	0	R
scanA_A_0_R	;	scanA_A_0_R	;	R
scanA_A_0_R	3	scanA_A_0_R	3	R
scanA_A_0_R	2	scanA_A_0_R	2	R
scanA_A_0_R	#	tapescan_A_0_R	#	R
scanA_A_1_L	R	scanA_A_1_L	R	R
scanA_A_1_L	A	scanA_A_1_L	A	R
scanA_A_1_L	L	scanA_A_1_L	L	R
scanA_A_1_L	,	scanA_A_1_L	,	R
scanA_A_1_L	1	scanA_A_1_L	1	R
scanA_A_1_L	X	scanA_A_1_L	X	R
scanA_A_1_L	0	scanA_A_1_L	0	R
scanA_A_1_L	;	scanA_A_1_L	;	R
scanA_A_1_L	3	scanA_A_1_L	3	R
scanA_A_1_L	2	scanA_A_1_L	2	R
scanA_A_1_L	#	tapescan_A_1_L	#	R
scanA_A_1_R	R	scanA_A_1_R	R	R
scanA_A_1_R	A	scanA_A_1_R	A	R
scanA_A_1_R	L	scanA_A_1_R	L	R
scanA_A_1_R	,	scanA_A_1_R	,	R
scanA_A_1_R	1	scanA_A_1_R	1	R
scanA_A_1_R	X	scanA_A_1_R	X	R
scanA_A_1_R	0	scanA_A_1_R	0	R
scanA_A_1_R	;	scanA_A_1_R	;	R
scanA_A_1_R	3	scanA_A_1_R	3	R
scanA_A_1_R	2	scanA_A_1_R	2	R
scanA_A_1_R	#	tapescan_A_1_R	#	R
scanA_A_2_L	R	scanA_A_2_L	R	R
scanA_A_2_L	A	scanA_A_2_L	A	R
scanA_A_2_L	L	scanA_A_2_L	L	R
scanA_A_2_L	,	scanA_A_2_L	,	R
scanA_A_2_L	1	scanA_A_2_L	1	R
scanA_A_2_L	X	scanA_A_2_L	X	R
scanA_A_2_L	0	scanA_A_2_L	0	R
scanA_A_2_L	;	scanA_A_2_L	;	R
scanA_A_2_L	3	scanA_A_2_L	3	R
scanA_A_2_L	2	scanA_A_2_L	2	R
scanA_A_2_L	#	tapescan_A_2_L	#	R
scanA_A_2_R	R	scanA_A_2_R	R	R
scanA_A_2_R	A	scanA_A_2_R	A	R
scanA_A_2_R	L	scanA_A_2_R	L	R
scanA_A_2_R	,	scanA_A_2_R	,	R
scanA_A_2_R	1	scanA_A_2_R	1	R
scanA_A_2_R	X	scanA_A_2_R	X	R
scanA_A_2_R	0	scanA_A_2_R	0	R
scanA_A_2_R	;	scanA_A_2_R	;	R
scanA_A_2_R	3	scanA_A_2_R	3	R
scanA_A_2_R	2	scanA_A_2_R	2	R
scanA_A_2_R	#	tapescan_A_2_R	#	R
scanA_A_3_L	R	scanA_A_3_L	R	R
scanA_A_3_L	A	scanA_A_3_L	A	R
scanA_A_3_L	L	scanA_A_3_L	L	R
scanA_A_3_L	,	scanA_A_3_L	,	R
scanA_A_3_L	1	scanA_A_3_L	1	R
scanA_A_3_L	X	scanA_A_3_L	X	R
scanA_A_3_L	0	scanA_A_3_L	0	R
scanA_A_3_L	;	scanA_A_3_L	;	R
scanA_A_3_L	3	scanA_A_3_L	3	R
scanA_A_3_L	2	scanA_A_3_L	2	R
scanA_A_3_L	#	tapescan_A_3_L	#	R
scanA_A_3_R	R	scanA_A_3_R	R	R
scanA_A_3_R	A	scanA_A_3_R	A	R
scanA_A_3_R	L	scanA_A_3_R	L	R
scanA_A_3_R	,	scanA_A_3_R	,	R
scanA_A_3_R	1	scanA_A_3_R	1	R
scanA_A_3_R	X	scanA_A_3_R	X	R
scanA_A_3_R	0	scanA_A_3_R	0	R
scanA_A_3_R	;	scanA_A_3_R	;	R
scanA_A_3_R	3	scanA_A_3_R	3	R
scanA_A_3_R	2	scanA_A_3_R	2	R
scanA_A_3_R	#	tapescan_A_3_R	#	R
scanA_X_0_L	R	scanA_X_0_L	R	R
scanA_X_0_L	A	scanA_X_0_L	A	R
scanA_X_0_L	L	scanA_X_0_L	L	R
scanA_X_0_L	,	scanA_X_0_L	,	R
scanA_X_0_L	1	scanA_X_0_L	1	R
scanA_X_0_L	X	scanA_X_0_L	X	R
scanA_X_0_L	0	scanA_X_0_L	0	R
scanA_X_0_L	;	scanA_X_0_L	;	R
scanA_X_0_L	3	scanA_X_0_L	3	R
scanA_X_0_L	2	scanA_X_0_L	2	R
scanA_X_0_L	#	tapescan_X_0_L	#	R
scanA_X_0_R	R	scanA_X_0_R	R	R
scanA_X_0_R	A	scanA_X_0_R	A	R
scanA_X_0_R	L	scanA_X_0_R	L	R
scanA_X_0_R	,	scanA_X_0_R	,	R
scanA_X_0_R	1	scanA_X_0_R	1	R
scanA_X_0_R	X	scanA_X_0_R	X	R
scanA_X_0_R	0	scanA_X_0_R	0	R
scanA_X_0_R	;	scanA_X_0_R	;	R
scanA_X_0_R	3	scanA_X_0_R	3	R
scanA_X_0_R	2	scanA_X_0_R	2	R
scanA_X_0_R	#	tapescan_X_0_R	#	R
scanA_X_1_L	R	scanA_X_1_L	R	R
scanA_X_1_L	A	scanA_X_1_L	A	R
scanA_X_1_L	L	scanA_X_1_L	L	R
scanA_X_1_L	,	scanA_X_1_L	,	R
scanA_X_1_L	1	scanA_X_1_L	1	R
scanA_X_1_L	X	scanA_X_1_L	X	R
scanA_X_1_L	0	scanA_X_1_L	0	R
scanA_X_1_L	;	scanA_X_1_L	;	R
scanA_X_1_L	3	scanA_X_1_L	3	R
scanA_X_1_L	2	scanA_X_1_L	2	R
scanA_X_1_L	#	tapescan_X_1_L	#	R
scanA_X_1_R	R	scanA_X_1_R	R	R
scanA_X_1_R	A	scanA_X_1_R	A	R
scanA_X_1_R	L	scanA_X_1_R	L	R
scanA_X_1_R	,	scanA_X_1_R	,	R
scanA_X_1_R	1	scanA_X_1_R	1	R
scanA_X_1_R	X	scanA_X_1_R	X	R
scanA_X_1_R	0	scanA_X_1_R	0	R
scanA_X_1_R	;	scanA_X_1_R	;	R
scanA_X_1_R	3	scanA_X_1_R	3	R
scanA_X_1_R	2	scanA_X_1_R	2	R
scanA_X_1_R	#	tapescan_X_1_R	#	R
scanA_X_2_L	R	scanA_X_2_L	R	R
scanA_X_2_L	A	scanA_X_2_L	A	R
scanA_X_2_L	L	scanA_X_2_L	L	R
scanA_X_2_L	,	scanA_X_2_L	,	R
scanA_X_2_L	1	scanA_X_2_L	1	R
scanA_X_2_L	X	scanA_X_2_L	X	R
scanA_X_2_L	0	scanA_X_2_L	0	R
scanA_X_2_L	;	scanA_X_2_L	;	R
scanA_X_2_L	3	scanA_X_2_L	3	R
scanA_X_2_L	2	scanA_X_2_L	2	R
scanA_X_2_L	#	tapescan_X_2_L	#	R
scanA_X_2_R	R	scanA_X_2_R	R	R
scanA_X_2_R	A	scanA_X_2_R	A	R
scanA_X_2_R	L	scanA_X_2_R	L	R
scanA_X_2_R	,	scanA_X_2_R	,	R
scanA_X_2_R	1	scanA_X_2_R	1	R
scanA_X_2_R	X	scanA_X_2_R	X	R
scanA_X_2_R	0	scanA_X_2_R	0	R
scanA_X_2_R	;	scanA_X_2_R	;	R
scanA_X_2_R	3	scanA_X_2_R	3	R
scanA_X_2_R	2	scanA_X_2_R	2	R
scanA_X_2_R	#	tapescan_X_2_R	#	R
scanA_X_3_L	R	scanA_X_3_L	R	R
scanA_X_3_L	A	scanA_X_3_L	A	R
scanA_X_3_L	L	scanA_X_3_L	L	R
scanA_X_3_L	,	scanA_X_3_L	,	R
scanA_X_3_L	1	scanA_X_3_L	1	R
scanA_X_3_L	X	scanA_X_3_L	X	R
scanA_X_3_L	0	scanA_X_3_L	0	R
scanA_X_3_L	;	scanA_X_3_L	;	R
scanA_X_3_L	3	scanA_X_3_L	3	R
scanA_X_3_L	2	scanA_X_3_L	2	R
scanA_X_3_L	#	tapescan_X_3_L	#	R
scanA_X_3_R	R	scanA_X_3_R	R	R
scanA_X_3_R	A	scanA_X_3_R	A	R
scanA_X_3_R	L	scanA_X_3_R	L	R
scanA_X_3_R	,	scanA_X_3_R	,	R
scanA_X_3_R	1	scanA_X_3_R	1	R
scanA_X_3_R	X	scanA_X_3_R	X	R
scanA_X_3_R	0	scanA_X_3_R	0	R
scanA_X_3_R	;	scanA_X_3_R	;	R
scanA_X_3_R	3	scanA_X_3_R	3	R
scanA_X_3_R	2	scanA_X_3_R	2	R
scanA_X_3_R	#	tapescan_X_3_R	#	R
tapescan_0_0_L	0	tapescan_0_0_L	0	R
tapescan_0_0_L	1	tapescan_0_0_L	1	R
tapescan_0_0_L	2	tapescan_0_0_L	2	R
tapescan_0_0_L	3	tapescan_0_0_L	3	R
tapescan_0_0_L	a	moveMark_0	0	L
tapescan_0_0_L	b	moveMark_0	0	L
tapescan_0_0_L	c	moveMark_0	0	L
tapescan_0_0_L	d	moveMark_0	0	L
tapescan_0_0_L	_	moveMark_0	0	L
tapescan_0_0_R	0	tapescan_0_0_R	0	R
tapescan_0_0_R	1	tapescan_0_0_R	1	R
tapescan_0_0_R	2	tapescan_0_0_R	2	R
tapescan_0_0_R	3	tapescan_0_0_R	3	R
tapescan_0_0_R	a	moveMark_0	0	R
tapescan_0_0_R	b	moveMark_0	0	R
tapescan_0_0_R	c	moveMark_0	0	R
tapescan_0_0_R	d	moveMark_0	0	R
tapescan_0_0_R	_	moveMark_0	0	R
tapescan_0_1_L	0	tapescan_0_1_L	0	R
tapescan_0_1_L	1	tapescan_0_1_L	1	R
tapescan_0_1_L	2	tapescan_0_1_L	2	R
tapescan_0_1_L	3	tapescan_0_1_L	3	R
tapescan_0_1_L	a	moveMark_0	1	L
tapescan_0_1_L	b	moveMark_0	1	L
tapescan_0_1_L	c	moveMark_0	1	L
tapescan_0_1_L	d	moveMark_0	1	L
tapescan_0_1_L	_	moveMark_0	1	L
tapescan_0_1_R	0	tapescan_0_1_R	0	R
tapescan_0_1_R	1	tapescan_0_1_R	1	R
tapescan_0_1_R	2	tapescan_0_1_R	2	R
tapescan_0_1_R	3	tapescan_0_1_R	3	R
tapescan_0_1_R	a	moveMark_0	1	R
tapescan_0_1_R	b	moveMark_0	1	R
tapescan_0_1_R	c	moveMark_0	1	R
tapescan_0_1_R	d	moveMark_0	1	R
tapescan_0_1_R	_	moveMark_0	1	R
tapescan_0_2_L	0	tapescan_0_2_L	0	R
tapescan_0_2_L	1	tapescan_0_2_L	1	R
tapescan_0_2_L	2	tapescan_0_2_L	2	R
tapescan_0_2_L	3	tapescan_0_2_L	3	R
tapescan_0_2_L	a	moveMark_0	2	L
tapescan_0_2_L	b	moveMark_0	2	L
tapescan_0_2_L	c	moveMark_0	2	L
tapescan_0_2_L	d	moveMark_0	2	L
tapescan_0_2_L	_	moveMark_0	2	L
tapescan_0_2_R	0	tapescan_0_2_R	0	R
tapescan_0_2_R	1	tapescan_0_2_R	1	R
tapescan_0_2_R	2	tapescan_0_2_R	2	R
tapescan_0_2_R	3	tapescan_0_2_R	3	R
tapescan_0_2_R	a	moveMark_0	2	R
tapescan_0_2_R	b	moveMark_0	2	R
tapescan_0_2_R	c	moveMark_0	2	R
tapescan_0_2_R	d	moveMark_0	2	R
tapescan_0_2_R	_	moveMark_0	2	R
tapescan_0_3_L	0	tapescan_0_3_L	0	R
tapescan_0_3_L	1	tapescan_0_3_L	1	R
tapescan_0_3_L	2	tapescan_0_3_L	2	R
tapescan_0_3_L	3	tapescan_0_3_L	3	R
tapescan_0_3_L	a	moveMark_0	3	L
tapescan_0_3_L	b	moveMark_0	3	L
tapescan_0_3_L	c	moveMark_0	3	L
tapescan_0_3_L	d	moveMark_0	3	L
tapescan_0_3_L	_	moveMark_0	3	L
tapescan_0_3_R	0	tapescan_0_3_R	0	R
tapescan_0_3_R	1	tapescan_0_3_R	1	R
tapescan_0_3_R	2	tapescan_0_3_R	2	R
tapescan_0_3_R	3	tapescan_0_3_R	3	R
tapescan_0_3_R	a	moveMark_0	3	R
tapescan_0_3_R	b	moveMark_0	3	R
tapescan_0_3_R	c	moveMark_0	3	R
tapescan_0_3_R	d	moveMark_0	3	R
tapescan_0_3_R	_	moveMark_0	3	R
tapescan_1_0_L	0	tapescan_1_0_L	0	R
tapescan_1_0_L	1	tapescan_1_0_L	1	R
tapescan_1_0_L	2	tapescan_1_0_L	2	R
tapescan_1_0_L	3	tapescan_1_0_L	3	R
tapescan_1_0_L	a	moveMark_1	0	L
tapescan_1_0_L	b	moveMark_1	0	L
tapescan_1_0_L	c	moveMark_1	0	L
tapescan_1_0_L	d	moveMark_1	0	L
tapescan_1_0_L	_	moveMark_1	0	L
tapescan_1_0_R	0	tapescan_1_0_R	0	R
tapescan_1_0_R	1	tapescan_1_0_R	1	R
tapescan_1_0_R	2	tapescan_1_0_R	2	R
tapescan_1_0_R	3	tapescan_1_0_R	3	R
tapescan_1_0_R	a	moveMark_1	0	R
tapescan_1_0_R	b	moveMark_1	0	R
tapescan_1_0_R	c	moveMark_1	0	R
tapescan_1_0_R	d	moveMark_1	0	R
tapescan_1_0_R	_	moveMark_1	0	R
tapescan_1_1_L	0	tapescan_1_1_L	0	R
tapescan_1_1_L	1	tapescan_1_1_L	1	R
tapescan_1_1_L	2	tapescan_1_1_L	2	R
tapescan_1_1_L	3	tapescan_1_1_L	3	R
tapescan_1_1_L	a	moveMark_1	1	L
tapescan_1_1_L	b	moveMark_1	1	L
tapescan_1_1_L	c	moveMark_1	1	L
tapescan_1_1_L	d	moveMark_1	1	L
tapescan_1_1_L	_	moveMark_1	1	L
tapescan_1_1_R	0	tapescan_1_1_R	0	R
tapescan_1_1_R	1	tapescan_1_1_R	1	R
tapescan_1_1_R	2	tapescan_1_1_R	2	R
tapescan_1_1_R	3	tapescan_1_1_R	3	R
tapescan_1_1_R	a	moveMark_1	1	R
tapescan_1_1_R	b	moveMark_1	1	R
tapescan_1_1_R	c	moveMark_1	1	R
tapescan_1_1_R	d	moveMark_1	1	R
tapescan_1_1_R	_	moveMark_1	1	R
tapescan_1_2_L	0	tapescan_1_2_L	0	R
tapescan_1_2_L	1	tapescan_1_2_L	1	R
tapescan_1_2_L	2	tapescan_1_2_L	2	R
tapescan_1_2_L	3	tapescan_1_2_L	3	R
tapescan_1_2_L	a	moveMark_1	2	L
tapescan_1_2_L	b	moveMark_1	2	L
tapescan_1_2_L	c	moveMark_1	2	L
tapescan_1_2_L	d	moveMark_1	2	L
tapescan_1_2_L	_	moveMark_1	2	L
tapescan_1_2_R	0	tapescan_1_2_R	0	R
tapescan_1_2_R	1	tapescan_1_2_R	1	R
tapescan_1_2_R	2	tapescan_1_2_R	2	R
tapescan_1_2_R	3	tapescan_1_2_R	3	R
tapescan_1_2_R	a	moveMark_1	2	R
tapescan_1_2_R	b	moveMark_1	2	R
tapescan_1_2_R	c	moveMark_1	2	R
tapescan_1_2_R	d	moveMark_1	2	R
tapescan_1_2_R	_	moveMark_1	2	R
tapescan_1_3_L	0	tapescan_1_3_L	0	R
tapescan_1_3_L	1	tapescan_1_3_L	1	R
tapescan_1_3_L	2	tapescan_1_3_L	2	R
tapescan_1_3_L	3	tapescan_1_3_L	3	R
tapescan_1_3_L	a	moveMark_1	3	L
tapescan_1_3_L	b	moveMark_1	3	L
tapescan_1_3_L	c	moveMark_1	3	L
tapescan_1_3_L	d	moveMark_1	3	L
tapescan_1_3_L	_	moveMark_1	3	L
tapescan_1_3_R	0	tapescan_1_3_R	0	R
tapescan_1_3_R	1	tapescan_1_3_R	1	R
tapescan_1_3_R	2	tapescan_1_3_R	2	R
tapescan_1_3_R	3	tapescan_1_3_R	3	R
tapescan_1_3_R	a	moveMark_1	3	R
tapescan_1_3_R	b	moveMark_1	3	R
tapescan_1_3_R	c	moveMark_1	3	R
tapescan_1_3_R	d	moveMark_1	3	R
tapescan_1_3_R	_	moveMark_1	3	R
tapescan_2_0_L	0	tapescan_2_0_L	0	R
tapescan_2_0_L	1	tapescan_2_0_L	1	R
tapescan_2_0_L	2	tapescan_2_0_L	2	R
tapescan_2_0_L	3	tapescan_2_0_L	3	R
tapescan_2_0_L	a	moveMark_2	0	L
tapescan_2_0_L	b	moveMark_2	0	L
tapescan_2_0_L	c	moveMark_2	0	L
tapescan_2_0_L	d	moveMark_2	0	L
tapescan_2_0_L	_	moveMark_2	0	L
tapescan_2_0_R	0	tapescan_2_0_R	0	R
tapescan_2_0_R	1	tapescan_2_0_R	1	R
tapescan_2_0_R	2	tapescan_2_0_R	2	R
tapescan_2_0_R	3	tapescan_2_0_R	3	R
tapescan_2_0_R	a	moveMark_2	0	R
tapescan_2_0_R	b	moveMark_2	0	R
tapescan_2_0_R	c	moveMark_2	0	R
tapescan_2_0_R	d	moveMark_2	0	R
tapescan_2_0_R	_	moveMark_2	0	R
tapescan_2_1_L	0	tapescan_2_1_L	0	R
tapescan_2_1_L	1	tapescan_2_1_L	1	R
tapescan_2_1_L	2	tapescan_2_1_L	2	R
tapescan_2_1_L	3	tapescan_2_1_L	3	R
tapescan_2_1_L	a	moveMark_2	1	L
tapescan_2_1_L	b	moveMark_2	1	L
tapescan_2_1_L	c	moveMark_2	1	L
tapescan_2_1_L	d	moveMark_2	1	L
tapescan_2_1_L	_	moveMark_2	1	L
tapescan_2_1_R	0	tapescan_2_1_R	0	R
tapescan_2_1_R	1	tapescan_2_1_R	1	R
tapescan_2_1_R	2	tapescan_2_1_R	2	R
tapescan_2_1_R	3	tapescan_2_1_R	3	R
tapescan_2_1_R	a	moveMark_2	1	R
tapescan_2_1_R	b	moveMark_2	1	R
tapescan_2_1_R	c	moveMark_2	1	R
tapescan_2_1_R	d	moveMark_2	1	R
tapescan_2_1_R	_	moveMark_2	1	R
tapescan_2_2_L	0	tapescan_2_2_L	0	R
tapescan_2_2_L	1	tapescan_2_2_L	1	R
tapescan_2_2_L	2	tapescan_2_2_L	2	R
tapescan_2_2_L	3	tapescan_2_2_L	3	R
tapescan_2_2_L	a	moveMark_2	2	L
tapescan_2_2_L	b	moveMark_2	2	L
tapescan_2_2_L	c	moveMark_2	2	L
tapescan_2_2_L	d	moveMark_2	2	L
tapescan_2_2_L	_	moveMark_2	2	L
tapescan_2_2_R	0	tapescan_2_2_R	0	R
tapescan_2_2_R	1	tapescan_2_2_R	1	R
tapescan_2_2_R	2	tapescan_2_2_R	2	R
tapescan_2_2_R	3	tapescan_2_2_R	3	R
tapescan_2_2_R	a	moveMark_2	2	R
tapescan_2_2_R	b	moveMark_2	2	R
tapescan_2_2_R	c	moveMark_2	2	R
tapescan_2_2_R	d	moveMark_2	2	R
tapescan_2_2_R	_	moveMark_2	2	R
tapescan_2_3_L	0	tapescan_2_3_L	0	R
tapescan_2_3_L	1	tapescan_2_3_L	1	R
tapescan_2_3_L	2	tapescan_2_3_L	2	R
tapescan_2_3_L	3	tapescan_2_3_L	3	R
tapescan_2_3_L	a	moveMark_2	3	L
tapescan_2_3_L	b	moveMark_2	3	L
tapescan_2_3_L	c	moveMark_2	3	L
tapescan_2_3_L	d	moveMark_2	3	L
tapescan_2_3_L	_	moveMark_2	3	L
tapescan_2_3_R	0	tapescan_2_3_R	0	R
tapescan_2_3_R	1	tapescan_2_3_R	1	R
tapescan_2_3_R	2	tapescan_2_3_R	2	R
tapescan_2_3_R	3	tapescan_2_3_R	3	R
tapescan_2_3_R	a	moveMark_2	3	R
tapescan_2_3_R	b	moveMark_2	3	R
tapescan_2_3_R	c	moveMark_2	3	R
tapescan_2_3_R	d	moveMark_2	3	R
tapescan_2_3_R	_	moveMark_2	3	R
tapescan_3_0_L	0	tapescan_3_0_L	0	R
tapescan_3_0_L	1	tapescan_3_0_L	1	R
tapescan_3_0_L	2	tapescan_3_0_L	2	R
tapescan_3_0_L	3	tapescan_3_0_L	3	R
tapescan_3_0_L	a	moveMark_3	0	L
tapescan_3_0_L	b	moveMark_3	0	L
tapescan_3_0_L	c	moveMark_3	0	L
tapescan_3_0_L	d	moveMark_3	0	L
tapescan_3_0_L	_	moveMark_3	0	L
tapescan_3_0_R	0	tapescan_3_0_R	0	R
tapescan_3_0_R	1	tapescan_3_0_R	1	R
tapescan_3_0_R	2	tapescan_3_0_R	2	R
tapescan_3_0_R	3	tapescan_3_0_R	3	R
tapescan_3_0_R	a	moveMark_3	0	R
tapescan_3_0_R	b	moveMark_3	0	R
tapescan_3_0_R	c	moveMark_3	0	R
tapescan_3_0_R	d	moveMark_3	0	R
tapescan_3_0_R	_	moveMark_3	0	R
tapescan_3_1_L	0	tapescan_3_1_L	0	R
tapescan_3_1_L	1	tapescan_3_1_L	1	R
tapescan_3_1_L	2	tapescan_3_1_L	2	R
tapescan_3_1_L	3	tapescan_3_1_L	3	R
tapescan_3_1_L	a	moveMark_3	1	L
tapescan_3_1_L	b	moveMark_3	1	L
tapescan_3_1_L	c	moveMark_3	1	L
tapescan_3_1_L	d	moveMark_3	1	L
tapescan_3_1_L	_	moveMark_3	1	L
tapescan_3_1_R	0	tapescan_3_1_R	0	R
tapescan_3_1_R	1	tapescan_3_1_R	1	R
tapescan_3_1_R	2	tapescan_3_1_R	2	R
tapescan_3_1_R	3	tapescan_3_1_R	3	R
tapescan_3_1_R	a	moveMark_3	1	R
tapescan_3_1_R	b	moveMark_3	1	R
tapescan_3_1_R	c	moveMark_3	1	R
tapescan_3_1_R	d	moveMark_3	1	R
tapescan_3_1_R	_	moveMark_3	1	R
tapescan_3_2_L	0	tapescan_3_2_L	0	R
tapescan_3_2_L	1	tapescan_3_2_L	1	R
tapescan_3_2_L	2	tapescan_3_2_L	2	R
tapescan_3_2_L	3	tapescan_3_2_L	3	R
tapescan_3_2_L	a	moveMark_3	2	L
tapescan_3_2_L	b	moveMark_3	2	L
tapescan_3_2_L	c	moveMark_3	2	L
tapescan_3_2_L	d	moveMark_3	2	L
tapescan_3_2_L	_	moveMark_3	2	L
tapescan_3_2_R	0	tapescan_3_2_R	0	R
tapescan_3_2_R	1	tapescan_3_2_R	1	R
tapescan_3_2_R	2	tapescan_3_2_R	2	R
tapescan_3_2_R	3	tapescan_3_2_R	3	R
tapescan_3_2_R	a	moveMark_3	2	R
tapescan_3_2_R	b	moveMark_3	2	R
tapescan_3_2_R	c	moveMark_3	2	R
tapescan_3_2_R	d	moveMark_3	2	R
tapescan_3_2_R	_	moveMark_3	2	R
tapescan_3_3_L	0	tapescan_3_3_L	0	R
tapescan_3_3_L	1	tapescan_3_3_L	1	R
tapescan_3_3_L	2	tapescan_3_3_L	2	R
tapescan_3_3_L	3	tapescan_3_3_L	3	R
tapescan_3_3_L	a	moveMark_3	3	L
tapescan_3_3_L	b	moveMark_3	3	L
tapescan_3_3_L	c	moveMark_3	3	L
tapescan_3_3_L	d	moveMark_3	3	L
tapescan_3_3_L	_	moveMark_3	3	L
tapescan_3_3_R	0	tapescan_3_3_R	0	R
tapescan_3_3_R	1	tapescan_3_3_R	1	R
tapescan_3_3_R	2	tapescan_3_3_R	2	R
tapescan_3_3_R	3	tapescan_3_3_R	3	R
tapescan_3_3_R	a	moveMark_3	3	R
tapescan_3_3_R	b	moveMark_3	3	R
tapescan_3_3_R	c	moveMark_3	3	R
tapescan_3_3_R	d	moveMark_3	3	R
tapescan_3_3_R	_	moveMark_3	3	R
tapescan_A_0_L	0	tapescan_A_0_L	0	R
tapescan_A_0_L	1	tapescan_A_0_L	1	R
tapescan_A_0_L	2	tapescan_A_0_L	2	R
tapescan_A_0_L	3	tapescan_A_0_L	3	R
tapescan_A_0_L	a	moveMark_A	0	L
tapescan_A_0_L	b	moveMark_A	0	L
tapescan_A_0_L	c	moveMark_A	0	L
tapescan_A_0_L	d	moveMark_A	0	L
tapescan_A_0_L	_	moveMark_A	0	L
tapescan_A_0_R	0	tapescan_A_0_R	0	R
tapescan_A_0_R	1	tapescan_A_0_R	1	R
tapescan_A_0_R	2	tapescan_A_0_R	2	R
tapescan_A_0_R	3	tapescan_A_0_R	3	R
tapescan_A_0_R	a	moveMark_A	0	R
tapescan_A_0_R	b	moveMark_A	0	R
tapescan_A_0_R	c	moveMark_A	0	R
tapescan_A_0_R	d	moveMark_A	0	R
tapescan_A_0_R	_	moveMark_A	0	R
tapescan_A_1_L	0	tapescan_A_1_L	0	R
tapescan_A_1_L	1	tapescan_A_1_L	1	R
tapescan_A_1_L	2	tapescan_A_1_L	2	R
tapescan_A_1_L	3	tapescan_A_1_L	3	R
tapescan_A_1_L	a	moveMark_A	1	L
tapescan_A_1_L	b	moveMark_A	1	L
tapescan_A_1_L	c	moveMark_A	1	L
tapescan_A_1_L	d	moveMark_A	1	L
tapescan_A_1_L	_	moveMark_A	1	L
tapescan_A_1_R	0	tapescan_A_1_R	0	R
tapescan_A_1_R	1	tapescan_A_1_R	1	R
tapescan_A_1_R	2	tapescan_A_1_R	2	R
tapescan_A_1_R	3	tapescan_A_1_R	3	R
tapescan_A_1_R	a	moveMark_A	1	R
tapescan_A_1_R	b	moveMark_A	1	R
tapescan_A_1_R	c	moveMark_A	1	R
tapescan_A_1_R	d	moveMark_A	1	R
tapescan_A_1_R	_	moveMark_A	1	R
tapescan_A_2_L	0	tapescan_A_2_L	0	R
tapescan_A_2_L	1	tapescan_A_2_L	1	R
tapescan_A_2_L	2	tapescan_A_2_L	2	R
tapescan_A_2_L	3	tapescan_A_2_L	3	R
tapescan_A_2_L	a	moveMark_A	2	L
tapescan_A_2_L	b	moveMark_A	2	L
tapescan_A_2_L	c	moveMark_A	2	L
tapescan_A_2_L	d	moveMark_A	2	L
tapescan_A_2_L	_	moveMark_A	2	L
tapescan_A_2_R	0	tapescan_A_2_R	0	R
tapescan_A_2_R	1	tapescan_A_2_R	1	R
tapescan_A_2_R	2	tapescan_A_2_R	2	R
tapescan_A_2_R	3	tapescan_A_2_R	3	R
tapescan_A_2_R	a	moveMark_A	2	R
tapescan_A_2_R	b	moveMark_A	2	R
tapescan_A_2_R	c	moveMark_A	2	R
tapescan_A_2_R	d	moveMark_A	2	R
tapescan_A_2_R	_	moveMark_A	2	R
tapescan_A_3_L	0	tapescan_A_3_L	0	R
tapescan_A_3_L	1	tapescan_A_3_L	1	R
tapescan_A_3_L	2	tapescan_A_3_L	2	R
tapescan_A_3_L	3	tapescan_A_3_L	3	R
tapescan_A_3_L	a	moveMark_A	3	L
tapescan_A_3_L	b	moveMark_A	3	L
tapescan_A_3_L	c	moveMark_A	3	L
tapescan_A_3_L	d	moveMark_A	3	L
tapescan_A_3_L	_	moveMark_A	3	L
tapescan_A_3_R	0	tapescan_A_3_R	0	R
tapescan_A_3_R	1	tapescan_A_3_R	1	R
tapescan_A_3_R	2	tapescan_A_3_R	2	R
tapescan_A_3_R	3	tapescan_A_3_R	3	R
tapescan_A_3_R	a	moveMark_A	3	R
tapescan_A_3_R	b	moveMark_A	3	R
tapescan_A_3_R	c	moveMark_A	3	R
tapescan_A_3_R	d	moveMark_A	3	R
tapescan_A_3_R	_	moveMark_A	3	R
tapescan_X_0_L	0	tapescan_X_0_L	0	R
tapescan_X_0_L	1	tapescan_X_0_L	1	R
tapescan_X_0_L	2	tapescan_X_0_L	2	R
tapescan_X_0_L	3	tapescan_X_0_L	3	R
tapescan_X_0_L	a	moveMark_X	0	L
tapescan_X_0_L	b	moveMark_X	0	L
tapescan_X_0_L	c	moveMark_X	0	L
tapescan_X_0_L	d	moveMark_X	0	L
tapescan_X_0_L	_	moveMark_X	0	L
tapescan_X_0_R	0	tapescan_X_0_R	0	R
tapescan_X_0_R	1	tapescan_X_0_R	1	R
tapescan_X_0_R	2	tapescan_X_0_R	2	R
tapescan_X_0_R	3	tapescan_X_0_R	3	R
tapescan_X_0_R	a	moveMark_X	0	R
tapescan_X_0_R	b	moveMark_X	0	R
tapescan_X_0_R	c	moveMark_X	0	R
tapescan_X_0_R	d	moveMark_X	0	R
tapescan_X_0_R	_	moveMark_X	0	R
tapescan_X_1_L	0	tapescan_X_1_L	0	R
tapescan_X_1_L	1	tapescan_X_1_L	1	R
tapescan_X_1_L	2	tapescan_X_1_L	2	R
tapescan_X_1_L	3	tapescan_X_1_L	3	R
tapescan_X_1_L	a	moveMark_X	1	L
tapescan_X_1_L	b	moveMark_X	1	L
tapescan_X_1_L	c	moveMark_X	1	L
tapescan_X_1_L	d	moveMark_X	1	L
tapescan_X_1_L	_	moveMark_X	1	L
tapescan_X_1_R	0	tapescan_X_1_R	0	R
tapescan_X_1_R	1	tapescan_X_1_R	1	R
tapescan_X_1_R	2	tapescan_X_1_R	2	R
tapescan_X_1_R	3	tapescan_X_1_R	3	R
tapescan_X_1_R	a	moveMark_X	1	R
tapescan_X_1_R	b	moveMark_X	1	R
tapescan_X_1_R	c	moveMark_X	1	R
tapescan_X_1_R	d	moveMark_X	1	R
tapescan_X_1_R	_	moveMark_X	1	R
tapescan_X_2_L	0	tapescan_X_2_L	0	R
tapescan_X_2_L	1	tapescan_X_2_L	1	R
tapescan_X_2_L	2	tapescan_X_2_L	2	R
tapescan_X_2_L	3	tapescan_X_2_L	3	R
tapescan_X_2_L	a	moveMark_X	2	L
tapescan_X_2_L	b	moveMark_X	2	L
tapescan_X_2_L	c	moveMark_X	2	L
tapescan_X_2_L	d	moveMark_X	2	L
tapescan_X_2_L	_	moveMark_X	2	L
tapescan_X_2_R	0	tapescan_X_2_R	0	R
tapescan_X_2_R	1	tapescan_X_2_R	1	R
tapescan_X_2_R	2	tapescan_X_2_R	2	R
tapescan_X_2_R	3	tapescan_X_2_R	3	R
tapescan_X_2_R	a	moveMark_X	2	R
tapescan_X_2_R	b	moveMark_X	2	R
tapescan_X_2_R	c	moveMark_X	2	R
tapescan_X_2_R	d	moveMark_X	2	R
tapescan_X_2_R	_	moveMark_X	2	R
tapescan_X_3_L	0	tapescan_X_3_L	0	R
tapescan_X_3_L	1	tapescan_X_3_L	1	R
tapescan_X_3_L	2	tapescan_X_3_L	2	R
tapescan_X_3_L	3	tapescan_X_3_L	3	R
tapescan_X_3_L	a	moveMark_X	3	L
tapescan_X_3_L	b	moveMark_X	3	L
tapescan_X_3_L	c	moveMark_X	3	L
tapescan_X_3_L	d	moveMark_X	3	L
tapescan_X_3_L	_	moveMark_X	3	L
tapescan_X_3_R	0	tapescan_X_3_R	0	R
tapescan_X_3_R	1	tapescan_X_3_R	1	R
tapescan_X_3_R	2	tapescan_X_3_R	2	R
tapescan_X_3_R	3	tapescan_X_3_R	3	R
tapescan_X_3_R	a	moveMark_X	3	R
tapescan_X_3_R	b	moveMark_X	3	R
tapescan_X_3_R	c	moveMark_X	3	R
tapescan_X_3_R	d	moveMark_X	3	R
tapescan_X_3_R	_	moveMark_X	3	R
moveMark_0	0	rewind2_0	a	L
moveMark_0	1	rewind2_0	b	L
moveMark_0	2	rewind2_0	c	L
moveMark_0	3	rewind2_0	d	L
moveMark_0	_	rewind2_0	a	L
moveMark_1	0	rewind2_1	a	L
moveMark_1	1	rewind2_1	b	L
moveMark_1	2	rewind2_1	c	L
moveMark_1	3	rewind2_1	d	L
moveMark_1	_	rewind2_1	a	L
moveMark_2	0	rewind2_2	a	L
moveMark_2	1	rewind2_2	b	L
moveMark_2	2	rewind2_2	c	L
moveMark_2	3	rewind2_2	d	L
moveMark_2	_	rewind2_2	a	L
moveMark_3	0	rewind2_3	a	L
moveMark_3	1	rewind2_3	b	L
moveMark_3	2	rewind2_3	c	L
moveMark_3	3	rewind2_3	d	L
moveMark_3	_	rewind2_3	a	L
moveMark_A	0	rewind2_A	a	L
moveMark_A	1	rewind2_A	b	L
moveMark_A	2	rewind2_A	c	L
moveMark_A	3	rewind2_A	d	L
moveMark_A	_	rewind2_A	a	L
moveMark_X	0	rewind2_X	a	L
moveMark_X	1	rewind2_X	b	L
moveMark_X	2	rewind2_X	c	L
moveMark_X	3	rewind2_X	d	L
moveMark_X	_	rewind2_X	a	L
rewind2_0	c	rewind2_0	c	L
rewind2_0	a	rewind2_0	a	L
rewind2_0	R	rewind2_0	R	L
rewind2_0	A	rewind2_0	A	L
rewind2_0	L	rewind2_0	L	L
rewind2_0	,	rewind2_0	,	L
rewind2_0	d	rewind2_0	d	L
rewind2_0	1	rewind2_0	1	L
rewind2_0	X	rewind2_0	X	L
rewind2_0	0	rewind2_0	0	L
rewind2_0	#	rewind2_0	#	L
rewind2_0	;	rewind2_0	;	L
rewind2_0	b	rewind2_0	b	L
rewind2_0	3	rewind2_0	3	L
rewind2_0	2	rewind2_0	2	L
rewind2_0	^	seek_0	^	R
rewind2_1	c	rewind2_1	c	L
rewind2_1	a	rewind2_1	a	L
rewind2_1	R	rewind2_1	R	L
rewind2_1	A	rewind2_1	A	L
rewind2_1	L	rewind2_1	L	L
rewind2_1	,	rewind2_1	,	L
rewind2_1	d	rewind2_1	d	L
rewind2_1	1	rewind2_1	1	L
rewind2_1	X	rewind2_1	X	L
rewind2_1	0	rewind2_1	0	L
rewind2_1	#	rewind2_1	#	L
rewind2_1	;	rewind2_1	;	L
rewind2_1	b	rewind2_1	b	L
rewind2_1	3	rewind2_1	3	L
rewind2_1	2	rewind2_1	2	L
rewind2_1	^	seek_1	^	R
rewind2_2	c	rewind2_2	c	L
rewind2_2	a	rewind2_2	a	L
rewind2_2	R	rewind2_2	R	L
rewind2_2	A	rewind2_2	A	L
rewind2_2	L	rewind2_2	L	L
rewind2_2	,	rewind2_2	,	L
rewind2_2	d	rewind2_2	d	L
rewind2_2	1	rewind2_2	1	L
rewind2_2	X	rewind2_2	X	L
rewind2_2	0	rewind2_2	0	L
rewind2_2	#	rewind2_2	#	L
rewind2_2	;	rewind2_2	;	L
rewind2_2	b	rewind2_2	b	L
rewind2_2	3	rewind2_2	3	L
rewind2_2	2	rewind2_2	2	L
rewind2_2	^	seek_2	^	R
rewind2_3	c	rewind2_3	c	L
rewind2_3	a	rewind2_3	a	L
rewind2_3	R	rewind2_3	R	L
rewind2_3	A	rewind2_3	A	L
rewind2_3	L	rewind2_3	L	L
rewind2_3	,	rewind2_3	,	L
rewind2_3	d	rewind2_3	d	L
rewind2_3	1	rewind2_3	1	L
rewind2_3	X	rewind2_3	X	L
rewind2_3	0	rewind2_3	0	L
rewind2_3	#	rewind2_3	#	L
rewind2_3	;	rewind2_3	;	L
rewind2_3	b	rewind2_3	b	L
rewind2_3	3	rewind2_3	3	L
rewind2_3	2	rewind2_3	2	L
rewind2_3	^	seek_3	^	R
rewind2_A	c	rewind2_A	c	L
rewind2_A	a	rewind2_A	a	L
rewind2_A	R	rewind2_A	R	L
rewind2_A	A	rewind2_A	A	L
rewind2_A	L	rewind2_A	L	L
rewind2_A	,	rewind2_A	,	L
rewind2_A	d	rewind2_A	d	L
rewind2_A	1	rewind2_A	1	L
rewind2_A	X	rewind2_A	X	L
rewind2_A	0	rewind2_A	0	L
rewind2_A	#	rewind2_A	#	L
rewind2_A	;	rewind2_A	;	L
rewind2_A	b	rewind2_A	b	L
rewind2_A	3	rewind2_A	3	L
rewind2_A	2	rewind2_A	2	L
rewind2_A	^	ACCEPT	^	R
rewind2_X	c	rewind2_X	c	L
rewind2_X	a	rewind2_X	a	L
rewind2_X	R	rewind2_X	R	L
rewind2_X	A	rewind2_X	A	L
rewind2_X	L	rewind2_X	L	L
rewind2_X	,	rewind2_X	,	L
rewind2_X	d	rewind2_X	d	L
rewind2_X	1	rewind2_X	1	L
rewind2_X	X	rewind2_X	X	L
rewind2_X	0	rewind2_X	0	L
rewind2_X	#	rewind2_X	#	L
rewind2_X	;	rewind2_X	;	L
rewind2_X	b	rewind2_X	b	L
rewind2_X	3	rewind2_X	3	L
rewind2_X	2	rewind2_X	2	L
rewind2_X	^	REJECT	^	R
prerun	^	seek_0	^	R
